update,timesteps,episodes,mean_reward,mean_score,mean_stage,mean_length,policy_loss,value_loss,entropy,learning_rate,explained_var
1,2048,2,3097.324105057739,2420.0648329233427,1.5,896.5,-0.01581592598813586,9134.140241575242,1.9455632295459508,0.0003,-0.0020025969
2,4096,5,2213.7864082953793,1853.2763769606245,1.2,812.8,-0.01233234275423456,181.12570235729217,1.90865049213171,0.00029940607999999995,0.23516315
3,6144,7,2175.1864140802627,1867.9253680266977,1.1428571428571428,806.4285714285714,-0.033009389395010656,244.3291785955429,1.9054004326462746,0.00029881216,0.5340829
4,8192,10,2041.66705142995,1781.3999288633859,1.1,792.3,-0.0277700870326953,382.3575830638409,1.9156200967729091,0.00029821823999999996,0.5959427
5,10240,11,2440.4742663725046,2078.3872793286228,1.1818181818181819,892.0909090909091,-0.015527151568676345,7425.74950248003,1.923448183014989,0.00029762432,-0.10951364
6,12288,14,2274.1120340839834,1959.9112302793676,1.1428571428571428,843.7857142857143,-0.029074546712217854,364.10381853580475,1.9174263644963503,0.00029703039999999997,0.45263165
7,14336,17,2188.208794717525,1902.5281017643192,1.1176470588235294,827.4705882352941,-0.029092743989895097,371.54239439219236,1.9685358628630638,0.00029643648,0.6812705
8,16384,20,2099.9955362327883,1836.8110018847583,1.1,803.5,-0.027356819951091894,207.94648000001908,1.9353491216897964,0.00029584256,0.5655744
9,18432,23,2019.5056833222066,1773.0666912874415,1.0869565217391304,786.6521739130435,-0.036234327673446386,99.52987640500069,1.9454772230237722,0.00029524863999999995,0.7857172
10,20480,26,1995.7169869939319,1759.575787749895,1.0769230769230769,786.6923076923077,-0.03533527919498738,183.44885524958372,1.9123419929295777,0.00029465472,0.58225894
11,22528,27,2168.869503926548,1890.9014846839707,1.1111111111111112,819.2222222222222,-0.01621823935129214,4704.390246677399,1.9401351179927588,0.00029406079999999996,0.1028887
12,24576,30,2123.857821027676,1858.837223600076,1.1,807.4,-0.027551841406966558,56.03940146863461,1.925939664617181,0.00029346688,0.73118377
13,26624,31,2143.6683433926,1880.2413024450784,1.096774193548387,814.2903225806451,-0.016499122645473107,6208.9711963534355,1.9413472138345242,0.00029287295999999997,0.21471912
14,28672,34,2292.7153945935697,2001.5085988941278,1.1176470588235294,841.5588235294117,-0.03420992529427167,284.5965222105384,1.9447449643164874,0.00029227904,0.57940125
15,30720,35,2409.5838831755473,2087.9657897874386,1.1428571428571428,862.4,-0.014114391949260608,5680.1204585283995,1.9448126025497914,0.00029168512,0.14978892
16,32768,38,2376.8336549201094,2067.062960026438,1.131578947368421,861.1578947368421,-0.036923701150226404,127.6964985370636,1.9801702592521906,0.00029109119999999995,0.6716981
17,34816,40,2351.9615228496414,2049.4845160273767,1.125,860.325,-0.025947381755395328,81.47576453685761,1.9668439112603664,0.00029049728,0.72590697
18,36864,43,2287.2575887069734,1996.5355314817764,1.1162790697674418,848.8139534883721,-0.04055418448115233,34.7272311873734,1.9642670158296824,0.00028990335999999996,0.7836079
19,38912,46,2263.3232270874782,1981.0133340502896,1.108695652173913,844.3695652173913,-0.02533646631782176,98.37855034917592,1.9772401202470065,0.00028930944,0.74900657
20,40960,48,2265.7063915430067,1987.0718001202451,1.1041666666666667,848.3958333333334,-0.02802359829802299,135.85191626027228,1.9557735338807105,0.00028871551999999997,0.50483525
21,43008,50,2328.6321207466485,2032.2806095003564,1.12,856.42,-0.01325078883965034,4352.929735809565,1.9856260549277067,0.00028812159999999995,0.17108202
22,45056,52,2370.7239613670845,2058.977240814125,1.1346153846153846,859.0961538461538,-0.020598522291402334,3376.5063898056746,1.9724959224462508,0.00028752768,0.1080696
23,47104,55,2328.295070202483,2025.8020011821202,1.1272727272727272,850.2363636363636,-0.03936989629874006,54.99650364071131,2.0057494293898346,0.00028693375999999996,0.65434563
24,49152,57,2323.8958248322106,2025.5951654906223,1.1228070175438596,851.4035087719299,-0.03762665748654399,79.05055964812637,1.9682754211127758,0.00028633984,0.5867622
25,51200,59,2386.54785153842,2072.6830812011226,1.1355932203389831,865.271186440678,-0.013046580471564085,4104.138738018274,2.002300039306283,0.00028574591999999997,0.24616367
26,53248,62,2354.4644920662063,2048.8692986342585,1.1290322580645162,856.4193548387096,-0.03599141461891122,78.32703411206603,2.011714283004403,0.000285152,0.6322831
27,55296,65,2310.4031096848935,2013.699386619088,1.123076923076923,841.3692307692307,-0.029893502910272218,110.36412340402603,2.000828678160906,0.00028455808,0.33222455
28,57344,68,2292.3262878019927,2002.164372832823,1.1176470588235294,836.6617647058823,-0.029467519107856787,184.8709775790572,1.9845338184386492,0.00028396415999999995,0.30337268
29,59392,71,2278.144290726603,1993.9056129471915,1.1126760563380282,830.112676056338,-0.039674224390182644,75.69356684312224,2.0112328473478556,0.00028337024,0.42879277
30,61440,74,2247.8087918568285,1969.627418451926,1.1081081081081081,822.8783783783783,-0.02971777127822861,76.51788343712687,2.0182470340281724,0.00028277631999999996,0.6455058
31,63488,77,2222.3966414200904,1949.6566453250634,1.103896103896104,818.0649350649351,-0.02702118408633396,58.65693795010448,1.9561128221452235,0.0002821824,0.709036
32,65536,80,2202.3437657907793,1934.4198136716907,1.1,812.625,-0.019837168857338838,81.00247387886047,1.9777848832309246,0.00028158847999999997,0.6138262
33,67584,81,2204.1464499012413,1937.213275315156,1.0987654320987654,813.9876543209876,-0.018402292946120724,4110.39630510211,1.9332816667854786,0.00028099456,0.2868284
34,69632,82,2337.0144627901473,2035.1966605957557,1.1219512195121952,842.9634146341464,-0.009073499546502717,13103.7102848351,1.9672932013869286,0.00028040064,-0.034999013
35,71680,86,2292.397383442557,1998.8649138634066,1.1162790697674418,832.1627906976744,-0.03862414929026272,64.86482755541802,1.9961323216557503,0.00027980671999999995,0.77479607
36,73728,87,2330.9223407247396,2025.768102284472,1.1264367816091954,838.8620689655172,-0.016948298210627398,3841.172398854792,1.9625978916883469,0.0002792128,0.49115777
37,75776,90,2320.9142758072694,2020.7015915039399,1.1222222222222222,834.8,-0.037383883420261554,72.85476812124253,2.0033079851418734,0.00027861887999999996,0.57907397
38,77824,93,2306.7176220343713,2010.8557517950953,1.118279569892473,833.5698924731183,-0.035209663820569406,69.9698248244822,1.9957298152148724,0.00027802496,0.6592147
39,79872,95,2290.8738162001137,1998.5202850135904,1.1157894736842104,828.2631578947369,-0.012809183340868913,1428.3016948536037,2.0151320144534113,0.00027743103999999997,0.2838444
40,81920,97,2334.7076401147647,2032.2840725465937,1.1237113402061856,838.319587628866,-0.014534193015424534,1695.7551699399949,2.0212432973086836,0.00027683712,0.30554688
41,83968,99,2365.566011298654,2054.536164245858,1.1313131313131313,844.9494949494949,-0.01510716536140535,2522.421367973089,1.99494468010962,0.0002762432,0.08768892
42,86016,102,2338.8884311755887,2039.749904718542,1.12,841.66,-0.030840035260189323,84.0717287555337,2.0027828801423313,0.00027564927999999995,0.592946
43,88064,105,2336.5318789466905,2038.1700969320157,1.12,837.2,-0.041922626324230806,71.31179785840213,1.9732994049787522,0.00027505536,0.4365512
44,90112,107,2331.5112692780312,2033.6265736500427,1.12,835.95,-0.03345404566061916,69.5312125377357,1.9635626655071974,0.00027446143999999996,0.66856897
45,92160,109,2336.887941233884,2038.5777812109582,1.12,837.71,-0.014627181316609495,2689.782443834841,1.958119898661971,0.00027386752,0.53345263
46,94208,112,2356.2646090895532,2057.4478582181023,1.12,834.77,-0.021362747327657416,131.61163239181042,2.0199294965714216,0.00027327359999999997,0.57488155
47,96256,114,2391.795534845204,2081.608363313756,1.13,841.33,-0.01412842670106329,2360.7986840128897,1.956685221195221,0.00027267968,0.3859508
48,98304,117,2383.441455885698,2073.906498739671,1.13,837.41,-0.037815506276092495,74.1675284050405,2.011267377063632,0.00027208576,0.54752517
49,100352,120,2391.1257414496768,2080.7933475948776,1.13,841.94,-0.025687583090621045,122.55018390864134,1.9668662779033184,0.00027149183999999996,0.37600386
50,102400,122,2405.5017274693255,2094.3088156506883,1.13,843.8,-0.037505997400148774,41.79288983717561,2.027245995774865,0.00027089792,0.5813972
51,104448,125,2410.514066833812,2099.1410503725915,1.13,843.18,-0.03832972371310461,45.16026456132531,2.0169910110533236,0.00027030399999999997,0.7374238
52,106496,127,2373.1096029066002,2073.128793216562,1.12,834.4,-0.030852717533707618,87.0662076100707,1.976672026887536,0.00026971008,0.44656348
53,108544,130,2378.2485329238993,2077.991819900468,1.12,837.23,-0.038565921277040616,84.29257818087936,2.025729180499911,0.00026911616,0.5988512
54,110592,131,2415.8581234912253,2104.1307647882873,1.13,843.63,-0.01542979134246707,5309.542491394282,1.9291104957461358,0.00026852224,0.38818926
55,112640,134,2409.4561893919126,2098.190096592442,1.13,839.58,-0.025622120595653542,98.53640064969659,2.0043208058923483,0.00026792832,0.6915307
56,114688,136,2361.361898489045,2062.374322182556,1.12,828.18,-0.03891348073375411,46.5880114801228,2.010617855936289,0.00026733439999999996,0.69261646
57,116736,139,2362.8438185484893,2063.8634863944126,1.12,827.37,-0.03484666092263069,63.42917769253254,2.009034175798297,0.00026674048,0.64125276
58,118784,141,2371.403587683295,2071.5942907539993,1.12,831.78,-0.03569880739669316,50.86222367435694,2.0132421694695948,0.00026614655999999997,0.79723704
59,120832,143,2421.3595022755267,2109.426956342352,1.13,840.76,-0.009392373677110299,2054.4333652719856,1.9885090973228217,0.00026555264,0.21194285
60,122880,145,2429.362813088539,2116.9786786383206,1.13,841.51,-0.035049128765240314,80.38194850459695,2.0130028426647186,0.00026495872,0.44277275
61,124928,148,2418.4262785288183,2106.9349679915663,1.13,837.62,-0.026872968194948044,69.243318567425,1.992493697628379,0.00026436479999999995,0.70744544
62,126976,151,2332.914902581124,2044.560186155162,1.11,823.18,-0.038772597842034885,49.84862147644162,2.0023782830685377,0.00026377088,0.7608222
63,129024,154,2350.93478014975,2061.3449607957764,1.11,827.12,-0.04101216801500414,40.34402988106012,2.0086630824953318,0.00026317695999999996,0.85055566
64,131072,157,2345.355975837018,2056.449795281642,1.11,824.0,-0.02652370245195925,91.14398794695735,1.9700191963464022,0.00026258304,0.70507693
65,133120,160,2285.042184373574,2009.4258573762133,1.1,806.8,-0.028528515133075416,73.66631829589605,1.9835749864578247,0.00026198911999999997,0.77536863
66,135168,163,2307.127488724991,2029.9462120286573,1.1,812.17,-0.02533466107561253,44.811183562874795,2.0096126325428485,0.0002613952,0.7819824
67,137216,167,2313.172544752772,2035.4125667635997,1.1,812.71,-0.03178721055446658,64.17621562853455,2.004259642586112,0.00026080128,0.75956357
68,139264,169,2313.4681977132063,2035.3085507224637,1.1,815.49,-0.014778751136327628,111.71341624855995,2.005500728264451,0.00026020736,0.7591158
69,141312,172,2311.834442612585,2033.984266839855,1.1,813.08,-0.03799197342887055,70.80252689868212,1.9972567152231933,0.00025961344,0.69926476
70,143360,175,2324.0868280929876,2045.1097686260214,1.1,818.76,-0.03615319364471361,43.314074122160676,1.9878799695521594,0.00025901951999999996,0.91067433
71,145408,177,2336.2344246615316,2056.460241657101,1.1,821.08,-0.02680270162236411,38.92840434983373,1.966807459294796,0.0002584256,0.7300316
72,147456,179,2333.432163575211,2053.818432799003,1.1,820.78,-0.009807299688691273,2256.2037984505296,1.9528037670999765,0.00025783167999999997,-0.13511086
73,149504,182,2251.731715779484,1990.8596652020067,1.09,799.96,-0.031428515358129516,55.0874054312706,1.9862123280763626,0.00025723776,0.7175858
74,151552,185,2250.283609222861,1989.6349673251211,1.09,798.35,-0.031969001199468036,28.027211817353965,2.007204503566027,0.00025664384,0.86573595
75,153600,189,2204.8393759748888,1956.0806318581829,1.08,789.59,-0.03541604290658142,34.05896880924702,1.992860134691,0.00025604991999999996,0.87424576
76,155648,191,2230.408863128514,1971.1882524381622,1.09,790.15,-0.014277188037522138,1973.4812930613757,1.953305833414197,0.000255456,0.45024288
77,157696,193,2234.225764214567,1974.9183020840192,1.09,790.4,-0.013227200377150439,1700.3945481523872,1.941384742408991,0.00025486207999999997,0.571736
78,159744,195,2283.7972448784735,2012.2339946186726,1.1,800.88,-0.014655133728228974,1164.42983058393,1.9996242437511682,0.00025426816,0.3996994
79,161792,198,2234.222018424767,1975.3890152528036,1.09,786.71,-0.013619140691298525,891.7053132265806,2.005166170746088,0.00025367424,0.4295799
80,163840,200,2247.5020070498654,1987.853557678905,1.09,788.64,-0.030416835023788735,108.24521861672402,2.013409781083465,0.00025308032,0.4355594
81,165888,203,2246.2019618507993,1986.3987705313505,1.09,788.43,-0.03602321808721172,88.34248554259538,2.0286704376339912,0.0002524864,0.26099408
82,167936,205,2292.242392404888,2020.2492725118736,1.1,797.16,-0.012352624250343069,1357.9392578914762,1.9575420688837766,0.00025189247999999996,0.12986559
83,169984,208,2281.7463089159546,2010.4329864654328,1.1,792.79,-0.03354332099261228,41.567427473515274,2.0263116385787727,0.00025129856,0.773492
84,172032,210,2290.9600661848617,2018.8373274879639,1.1,795.25,-0.016133134043775497,1900.2088684678079,1.961700413748622,0.00025070463999999997,0.5925957
85,174080,212,2277.333186033831,2005.9244438634582,1.1,794.55,-0.02920701585826464,90.66531431078911,2.0323596451431514,0.00025011072,0.74577886
86,176128,213,2287.4395910235817,2015.205442035858,1.1,799.67,-0.019703691126778722,1840.2023559093475,1.9085545975714922,0.0002495168,0.630474
87,178176,214,2342.563391507053,2057.788824879371,1.11,811.15,-0.01671550212195143,2326.619881042838,1.9209396306425333,0.00024892288,0.6472024
88,180224,216,2400.103260774419,2102.4916281349965,1.12,825.06,-0.029986274204566142,147.61866310983896,2.0193336836993696,0.00024832896,0.4234631
89,182272,218,2416.3145900323566,2117.5465497065293,1.12,829.09,-0.01274665849050507,1088.5656433582305,1.9338960696011782,0.00024773503999999996,0.15604675
90,184320,220,2495.1736016021227,2173.478499288324,1.14,839.89,-0.017548428921145387,1412.2088194072246,1.9242050275206566,0.00024714112,0.6990163
91,186368,222,2482.280193932776,2161.2968472532984,1.14,838.87,-0.031728771439520645,71.79636953771114,1.9986564237624407,0.00024654719999999997,0.48301488
92,188416,225,2488.6793845689394,2167.3766498240807,1.14,840.28,-0.030234856068273076,85.28675270453095,2.0091614440083503,0.00024595328,0.6941066
93,190464,227,2493.778719063437,2171.999732896134,1.14,845.23,-0.02222265178570524,130.22110289037226,1.984949216246605,0.00024535936,0.6035963
94,192512,229,2521.332258704384,2188.884857864905,1.15,846.32,-0.009668758799671195,1380.3196287736296,1.936445540562272,0.00024476544,0.25642657
95,194560,232,2433.2610008778674,2124.448295347235,1.13,830.83,-0.026379995222669095,61.890474426746366,2.0023331701755525,0.00024417152,0.7578882
96,196608,234,2457.374606141876,2137.9761764484633,1.14,835.17,-0.012059580298955552,1311.164356920123,1.9053730558604003,0.0002435776,0.6417146
97,198656,236,2461.467489884581,2141.6823124476655,1.14,837.17,-0.008038698390009813,1379.378230190277,1.9201047979295254,0.00024298368,0.16664821
98,200704,239,2515.488580030765,2183.5446122288004,1.15,845.76,-0.02860107779270038,98.65473038107157,1.9780021104961634,0.00024238975999999997,0.6820493
99,202752,241,2513.1230455179157,2181.600122023491,1.15,841.28,-0.035926355345873164,74.86612471863627,2.005638186633587,0.00024179584,0.63423073
100,204800,243,2470.18362660957,2150.449843356662,1.14,832.3,-0.01549520491680596,1395.1075980573892,1.9282607294619083,0.00024120191999999998,0.68769526
101,206848,246,2509.169140614713,2177.98999939733,1.15,837.85,-0.034832255868241194,63.525698854774234,1.9735095098614692,0.00024060799999999998,0.7705432
102,208896,249,2508.8469908940883,2177.9763698178085,1.15,834.8,-0.02545390314189717,53.68149017691612,1.9747505579143763,0.00024001408,0.75465596
103,210944,251,2514.2950768079904,2182.9361250836287,1.15,837.2,-0.013873711285123136,788.7158666864037,1.9712567359209061,0.00023942016,0.67134094
104,212992,252,2570.3579446280237,2226.394106289522,1.16,847.7,-0.01638836012571119,1447.5472959041595,1.8742115247994662,0.00023882624,0.7436434
105,215040,255,2597.790365995763,2243.0678424033076,1.17,850.59,-0.024618043593363836,401.4552473410964,1.9991489306092263,0.00023823231999999997,0.6258261
106,217088,258,2619.2755554169134,2263.1900540410866,1.17,855.4,-0.01913334101991495,125.64495866894723,1.996724158897996,0.00023763839999999998,0.3206873
107,219136,260,2617.9314679203553,2261.743650068928,1.17,855.88,-0.03414995017228648,56.8632986292243,2.021325596049428,0.00023704447999999998,0.46685535
108,221184,262,2662.535335187312,2294.2021604408724,1.18,867.73,-0.009161625924753026,1097.1334554255009,1.9251415081322194,0.00023645055999999999,0.5285821
109,223232,265,2674.0152405337826,2305.130057368584,1.18,869.04,-0.03294388030481059,97.92720647007226,2.0201857291162013,0.00023585664,0.56202924
110,225280,267,2688.3060968958375,2318.4156804248523,1.18,872.44,-0.03267383431084454,67.57463924586773,2.011752315983176,0.00023526271999999997,0.7547368
111,227328,269,2718.2272393690114,2337.5350599878184,1.19,874.73,-0.009455664892448113,1224.9866710036993,1.9448788568377495,0.0002346688,0.32173145
112,229376,273,2746.175683623151,2355.2242681950215,1.2,876.13,-0.023110953014111146,832.7680158615112,1.9165802158415317,0.00023407487999999998,0.8378717
113,231424,276,2728.146632739101,2339.083359330314,1.2,866.6,-0.023422317422227935,162.89919404536485,1.9971396695822476,0.00023348096,0.5559056
114,233472,278,2768.792534783106,2368.1261348358644,1.21,873.35,-0.017893022926000413,968.7343648314476,1.9275219120085239,0.00023288703999999998,0.6806172
115,235520,281,2732.709731951232,2343.63391726569,1.2,865.61,-0.023739888475392944,99.9558429673314,2.017921405285597,0.00023229312,0.54812956
116,237568,282,2767.017271133266,2366.7107215828423,1.21,870.52,-0.015320851671276614,2089.8131145656107,1.825977374613285,0.0002316992,0.62619066
117,239616,285,2832.2733006834687,2418.6853079024227,1.22,883.75,-0.031733032871852626,169.27194580137729,2.014818696677685,0.00023110527999999997,0.42544967
118,241664,287,2854.48871650709,2439.7373890910944,1.22,888.63,-0.03343550516874529,109.02082744091749,1.9664941802620888,0.00023051136,0.5966841
119,243712,290,2878.6139135411686,2462.333181374439,1.22,893.88,-0.024815730878617614,122.73070008605718,2.013119850307703,0.00022991743999999998,0.391325
120,245760,293,2839.3505101898477,2434.5037219475103,1.21,887.47,-0.03711737247358542,83.6042617291212,1.983048714697361,0.00022932351999999998,0.6470945
121,247808,296,2750.4845401202324,2368.9502434324813,1.19,872.88,-0.03453635555342771,98.600953091681,1.931153079867363,0.00022872959999999999,0.32621217
122,249856,299,2751.88831843773,2370.274617124831,1.19,871.74,-0.03242301805585157,48.91409982666373,1.9542916312813758,0.00022813568,0.87187785
123,251904,302,2753.1680284446775,2371.4929459402524,1.19,871.74,-0.018966394697781653,104.548881662637,1.9723704971373082,0.00022754176,0.8131564
124,253952,304,2752.4131786406488,2370.9468819427116,1.19,869.92,-0.03689831344236154,29.383979399502277,1.954430266469717,0.00022694783999999997,0.92461324
125,256000,307,2751.846879190768,2370.5623635717498,1.19,869.92,-0.008478907402604818,1419.3527441382407,1.918038285896182,0.00022635392,0.28124207
126,258048,310,2711.8190173818707,2342.5489287920077,1.18,860.22,-0.023712678090669216,80.57511862367392,1.9515399016439914,0.00022575999999999998,0.87530017
127,260096,312,2728.9775108105036,2358.7992307328864,1.18,862.45,-0.032202782243257386,54.04811169654131,1.9561101105064154,0.00022516607999999998,0.8825699
128,262144,314,2616.632862997181,2271.8352691619243,1.16,837.06,-0.008722206595120952,1121.3232024848462,1.9034894589334725,0.00022457216,0.52606297
129,264192,317,2621.0704814772803,2276.730188610002,1.16,833.85,-0.03156166509288596,55.00608029142022,1.963357177376747,0.00022397824,0.88881433
130,266240,320,2531.5662434003416,2211.28754832226,1.14,815.24,-0.03308681384078227,91.62350745424628,1.9420522134751081,0.00022338432,0.6418549
131,268288,322,2568.81054988032,2237.3510778683158,1.15,819.43,-0.007676123129203916,877.9576596975327,1.9378645535558463,0.0002227904,0.37897217
132,270336,324,2617.42494330792,2273.911523833646,1.16,828.13,-0.020428208881639875,780.677165749669,1.925680547207594,0.00022219647999999998,0.5484232
133,272384,327,2597.2488953777147,2254.906056793394,1.16,822.15,-0.03212709443178028,72.56190605312585,1.932359331846237,0.00022160255999999998,0.7706268
134,274432,330,2570.4001590346315,2238.8794906627336,1.15,816.6,-0.03502660042722709,33.658235827833415,1.9869739394634962,0.00022100863999999999,0.9245822
135,276480,333,2562.497590605387,2232.010506968709,1.15,808.63,-0.01079486797680147,1602.2452695012093,1.9406594827771186,0.00022041472,0.6667559
136,278528,334,2603.533403637454,2261.135362763426,1.16,817.08,-0.014147746269009076,809.3104616254568,1.93720812946558,0.00021982079999999997,0.669894
137,280576,337,2553.2417706257575,2223.0980401012575,1.15,808.17,-0.03933077587280422,58.74960128441453,1.9540864631533623,0.00021922688,0.834116
138,282624,339,2569.724846828565,2229.3962132179036,1.16,809.71,-0.009541253029601649,854.9244325071573,1.8826972533017396,0.00021863295999999998,0.5079089
139,284672,342,2579.417164392069,2238.759486169541,1.16,810.82,-0.024918754812097176,116.95211142152547,1.9565340954810382,0.00021803904,0.7160435
140,286720,344,2550.100798857228,2220.273799094397,1.15,806.89,-0.017288417558302172,711.7110899060965,1.9368871118873359,0.00021744511999999998,0.60065323
141,288768,347,2596.270313110078,2254.7820841528664,1.16,814.11,-0.027545121440198272,187.7868201777339,1.9540216013789178,0.00021685120000000002,0.7935985
142,290816,350,2592.6506628893385,2251.5268138847796,1.16,812.11,-0.030862479531788268,68.75821990445256,1.9384997788816691,0.00021625728,0.8418518
143,292864,353,2495.221634733249,2178.5424468593374,1.14,793.11,-0.03370848916238174,53.998724807798865,1.9502575550228358,0.00021566335999999997,0.8645658
144,294912,354,2528.083553432776,2200.302431378105,1.15,797.12,-0.011332987458445132,1500.929082918167,1.8962840475142002,0.00021506944,0.6828438
145,296960,356,2559.360390647411,2220.6796621248886,1.16,801.05,-0.025002125470200552,179.72773535996674,1.9552645433694125,0.00021447551999999998,0.40115923
146,299008,358,2624.577251790131,2272.6450087902804,1.17,816.45,-0.012163753001368604,1322.7261584788562,1.9083941046148538,0.0002138816,0.6959633
147,301056,360,2674.4056392480265,2310.443996683812,1.18,824.16,-0.012068639788776637,1004.7198330491781,1.8680423617362976,0.00021328767999999999,0.75066835
148,303104,361,2632.1292198581527,2279.9150506681062,1.17,815.31,-0.014409378415439277,696.4084500432015,1.8915830180048943,0.00021269376,0.5788106
149,305152,363,2737.0559204539336,2360.2749901705834,1.19,833.24,-0.01947129056788981,774.0346558630466,1.9334668029099702,0.00021209984,0.76108587
150,307200,366,2726.300251363721,2350.180814678913,1.19,831.68,-0.034211098519153896,101.95260163396597,1.9696877714246512,0.00021150592,0.58667433
151,309248,368,2712.106141117585,2336.8938503822806,1.19,828.0,-0.017350522706692573,883.4852395623923,1.9347003612667322,0.000210912,0.69003785
152,311296,371,2695.4218729401728,2329.931760637614,1.18,828.0,-0.01914992717502173,116.19005848616362,1.9745309203863144,0.00021031807999999998,0.6291735
153,313344,372,2699.925263843414,2333.9385768715215,1.18,830.96,-0.012194650509627536,612.1660208374262,1.8679433427751064,0.00020972415999999998,0.7327045
154,315392,376,2751.8332254857073,2373.1708522199724,1.19,842.22,-0.03939336076145992,100.75355292707681,1.9519717946648598,0.00020913024,0.6224505
155,317440,379,2725.5591502568263,2357.6629238131522,1.18,838.32,-0.02676684952748474,54.589212228357795,1.9760584257543088,0.00020853632,0.90318537
156,319488,382,2691.91447539822,2335.369785408618,1.17,830.56,-0.039029877887514886,38.57732443064451,1.971020793914795,0.0002079424,0.89687246
157,321536,384,2639.633093263651,2295.7333126653925,1.16,818.81,-0.011377562343841418,998.7560849279165,1.8875302165746688,0.00020734847999999997,0.6682552
158,323584,386,2673.800163613558,2318.5457252466226,1.17,824.7,-0.02698807470878819,89.32693974226713,1.9076826225966215,0.00020675456,0.75452554
159,325632,388,2740.9303023689495,2363.208258832531,1.19,835.17,-0.009599990828428417,1272.3863574266434,1.7743353486061095,0.00020616063999999998,0.7126655
160,327680,390,2757.6000661765165,2369.845342954739,1.2,835.98,-0.008169699530117213,1199.275752645731,1.8283475257456303,0.00020556672,0.68873686
161,329728,393,2764.179582766608,2375.8721390342967,1.2,838.5,-0.027814835851313547,116.65567422062159,1.9322364907711744,0.0002049728,0.659498
162,331776,396,2765.301250978747,2377.415493126603,1.2,833.56,-0.010272934645763598,333.24068674296143,1.9691237170249223,0.00020437887999999997,0.4514886
163,333824,400,2788.8177574661468,2390.4783192611835,1.21,834.39,-0.02465041042305529,369.9042639642954,1.8770314887166024,0.00020378496,0.9390299
164,335872,402,2794.6377187429716,2395.8880767629003,1.21,834.53,-0.04611645611876156,28.64464252963662,1.919155204296112,0.00020319103999999998,0.9386654
165,337920,404,2831.740718350052,2421.5577039054515,1.22,840.09,-0.009495466618682257,496.537521122396,1.87430884167552,0.00020259712,0.68765515
166,339968,405,2823.469542137526,2413.88649779319,1.22,837.91,-0.009056920761941001,944.7244265496731,1.8213413700461387,0.00020200319999999998,0.745191
167,342016,408,2890.3727036718547,2467.0286632462557,1.23,851.39,-0.01653556988458149,233.80371026694775,1.897405869886279,0.00020140928,0.43371892
168,344064,411,2874.9171223680505,2452.389447339946,1.23,848.01,-0.03443829170719255,58.7950243152678,1.8797280434519053,0.00020081536,0.830713
169,346112,414,2890.9697410346816,2467.545476224389,1.23,849.4,-0.028302595677087084,65.18744849935175,1.9078154005110264,0.00020022144,0.78445214
170,348160,416,2844.7328835637895,2433.025702757095,1.22,840.32,-0.01305796644592192,520.2324253648519,1.865644446015358,0.00019962752,0.12669158
171,350208,419,2873.0383072646223,2450.4850440947384,1.23,844.13,-0.015049458417342976,114.02392073124648,1.8807474482804536,0.00019903359999999998,0.72053814
172,352256,423,2794.068621549431,2394.9936479054827,1.21,826.51,-0.03271609082585201,87.77057289034128,1.9290471997112035,0.00019843967999999998,0.87259895
173,354304,425,2828.7586604555518,2418.59173680216,1.22,832.28,-0.010432137368479744,810.0685271054506,1.8582975022494792,0.00019784575999999999,0.6363091
174,356352,427,2824.564217551008,2415.0028582099208,1.22,828.06,-0.01217276560200844,1060.3544188320636,1.882347121834755,0.00019725184,0.3470239
175,358400,430,2871.3736797342826,2449.358045148099,1.23,840.58,-0.023620426902198233,81.80094606801867,1.8925224240869283,0.00019665792,0.8233072
176,360448,432,2844.0761665417667,2432.894057425156,1.22,837.59,-0.024469486295129173,69.7302081860602,1.8847859017550945,0.000196064,0.7367263
177,362496,434,2869.8135908710074,2456.9724979952043,1.22,845.89,-0.013262002440751531,1062.372341620922,1.8715189937502146,0.00019547008,0.7748387
178,364544,435,2932.955769077687,2507.3499303690432,1.23,856.01,-0.01833183367270976,917.2028230786324,1.863692421093583,0.00019487615999999998,0.85430145
179,366592,437,2956.7097972990414,2529.8283536626127,1.23,861.27,-0.022706276969984174,217.67944226861,1.9101461309939622,0.00019428224,0.6005478
180,368640,440,2935.3164792474854,2519.0076680692796,1.22,856.87,-0.02804845730715897,110.79878973215818,1.9125398758798837,0.00019368832,0.7593639
181,370688,442,2976.1457382994427,2547.9569756378874,1.23,863.63,-0.01802377935091499,789.2640388935804,1.868834200873971,0.0001930944,0.812901
182,372736,444,2977.476386373989,2549.3541225656772,1.23,863.52,-0.024051905043597797,150.85486958920956,1.883821589872241,0.00019250048,0.57536906
183,374784,446,2944.390772697252,2527.4210750182287,1.22,858.88,-0.014954405996832065,668.81492626369,1.8270321302115917,0.00019190655999999997,0.80009687
184,376832,449,3000.6862092038605,2570.7333602329345,1.23,869.57,-0.03594675915373955,83.11391413882374,1.8949522662907838,0.00019131264,0.74391794
185,378880,451,2991.6550931666097,2562.1647882479,1.23,867.96,-0.03786083679297007,50.99543682783842,1.887391685321927,0.00019071871999999998,0.8421104
186,380928,454,2999.641315324284,2569.647594934754,1.23,872.07,-0.007411054463591427,617.9213862329722,1.8485576130449772,0.0001901248,0.47823054
187,382976,455,3010.64422125878,2579.905592968318,1.23,872.84,-0.014739875996019692,1291.9774284571408,1.8650905515998601,0.00018953088,0.77062404
188,385024,458,2964.3882506060677,2545.7679716376206,1.22,861.12,-0.028436148163746112,72.7799891397357,1.8875178463757039,0.00018893696,0.8066562
189,387072,460,2929.4648996538176,2521.9293012430717,1.21,855.87,-0.024951034312834963,82.62408781722188,1.9269243095070123,0.00018834304,0.7123082
190,389120,463,2837.609577800665,2454.101531801672,1.19,839.6,-0.031442200732999484,52.19260098338127,1.9354559421539306,0.00018774911999999998,0.91995245
191,391168,465,2882.324555217683,2487.2326572407137,1.2,845.44,-0.02006885654554935,486.8588083893061,1.8531441643834115,0.0001871552,0.7182331
192,393216,467,2938.3194101644144,2530.705260364268,1.21,855.58,-0.013846686939359643,787.9345624625682,1.8020474523305894,0.00018656127999999998,0.7502212
193,395264,470,2897.6198769725074,2501.899819150499,1.2,847.1,-0.02715741160500329,66.43469215333462,1.9397444676607847,0.00018596736,0.836297
194,397312,471,2939.276336653407,2531.819800206922,1.21,854.5,-0.014234841844881885,631.5292775243521,1.8273723293095827,0.00018537344,0.8297118
195,399360,474,2921.6471618070186,2524.3495809453666,1.2,853.76,-0.024803611493553035,358.0928536444902,1.9220089070498942,0.00018477952,0.5950326
196,401408,476,2958.8594862015366,2550.2987855540314,1.21,856.94,-0.016707345884060486,344.7481004938483,1.8925115067511797,0.0001841856,0.86757827
197,403456,479,2987.619782618943,2567.929129862627,1.22,860.41,-0.014642475923756138,453.66416062414646,1.8869678977876903,0.00018359168,0.8087932
198,405504,481,2988.0531731343303,2568.206643703541,1.22,861.82,-0.03367138046014588,64.73706411793827,1.9505924515426158,0.00018299776,0.8068572
199,407552,484,3032.236574832602,2600.3754717500215,1.23,869.75,-0.015419098277925513,436.2643962740898,1.8791549623012542,0.00018240383999999999,0.65019345
200,409600,486,3021.583443972538,2590.1017278278687,1.23,867.7,-0.0125735105611966,763.8084846347571,1.8950371868908404,0.00018180992,0.44427627
201,411648,488,2964.4757275509583,2554.82472372294,1.21,858.92,-0.018513497887761333,210.87674325704575,1.9574560832232237,0.000181216,0.2183854
202,413696,490,2969.801901084832,2559.687231130665,1.21,859.71,-0.014831116399727761,285.35999784469607,1.906103390827775,0.00018062207999999997,0.9306763
203,415744,493,2982.710551446769,2571.67259311684,1.21,862.92,-0.01078339462110307,183.81252527683972,1.9411677543073893,0.00018002816,0.0951516
204,417792,496,2984.9596527097187,2573.676136810257,1.21,865.61,-0.02573323846445419,99.62342585325241,1.9382530864328147,0.00017943423999999998,0.8032734
205,419840,499,2960.639382497276,2559.5943753168917,1.2,866.18,-0.03358215043845121,34.70125980079174,1.9140036430209875,0.00017884032,0.9089847
206,421888,501,2994.591265752249,2582.1780806065817,1.21,873.87,-0.007506586791714653,848.5108228057622,1.8575479947030544,0.0001782464,0.31380242
207,423936,502,2987.3984881074953,2575.598884018333,1.21,871.04,-0.007715385363553651,619.3924466758966,1.8622363746166228,0.00017765248,0.564229
208,425984,504,3002.4193771509636,2589.8300422988755,1.21,874.39,-0.015272628990351223,875.6131601423025,1.8847572669386863,0.00017705856,0.7346597
209,428032,507,2976.18725269534,2574.645221657167,1.2,868.89,-0.01977802096225787,315.7883358478546,1.9418471984565258,0.00017646464,0.4035421
210,430080,509,3024.1456198629335,2610.630643391583,1.21,877.61,-0.013327011473302263,698.7558728218079,1.9259282693266868,0.00017587071999999998,0.7854207
211,432128,511,3026.9877142076257,2613.7344200935736,1.21,875.98,-0.02073438969819108,361.6443859785795,1.9019898738712073,0.00017527679999999998,0.6248175
212,434176,513,3073.5431671975994,2648.2704989644453,1.22,884.28,-0.01399882065015845,305.41474024653434,1.9235924605280161,0.00017468287999999999,0.540199
213,436224,516,3101.505475696466,2665.609650335739,1.23,887.04,-0.02066245849709958,432.6718427106738,1.8900761608034373,0.00017408896,0.8670025
214,438272,519,3067.9340540621984,2642.7118343057914,1.22,885.13,-0.023659595631761475,151.835911847651,1.9319593388587237,0.00017349504,0.62690485
215,440320,521,3109.1218936902083,2672.1499115514666,1.23,892.04,-0.012307694776973221,569.0471708536148,1.8624323569238186,0.00017290112,0.7296141
216,442368,524,3063.5387781862787,2638.700661907788,1.22,880.83,-0.028293888486223294,96.82803837805986,1.916803465038538,0.0001723072,0.70373815
217,444416,528,3031.524280945835,2617.6751854133718,1.21,877.49,-0.027003326814156025,82.56715977489948,1.9313762046396732,0.00017171328,0.7920358
218,446464,530,3050.6207860553272,2626.7122531634736,1.22,877.72,-0.012352938509138767,439.623364341259,1.9029150519520044,0.00017111936,0.6588337
219,448512,533,2979.984525065053,2569.5756749775214,1.21,861.12,-0.03618388446629979,37.89806890040636,1.9323488254100085,0.00017052544,0.8513178
220,450560,535,2925.4376243924366,2527.1793038169008,1.2,853.15,-0.014016867979080416,706.6699515074491,1.8545658431947232,0.00016993152,0.8042388
221,452608,537,2999.7980579895507,2578.5789626683345,1.22,863.73,-0.0191490268567577,369.64488126039504,1.8859381273388862,0.0001693376,0.8832008
222,454656,540,2999.471211585244,2578.3627778834984,1.22,862.75,-0.027381901384796948,134.03304218202828,1.9353405062109232,0.00016874368,0.51375264
223,456704,543,2937.8121672661423,2529.6008252811803,1.21,853.23,-0.03206974535423797,65.52366989254952,1.9129431262612342,0.00016814976,0.7630249
224,458752,545,2956.4293717139267,2537.93969744154,1.22,853.19,-0.010405250356416217,852.4344975948334,1.859712852537632,0.00016755584,0.7118752
225,460800,547,2963.543551266265,2544.445974961504,1.22,856.25,-0.013011779612861573,838.0880560994149,1.8015436924993993,0.00016696192,0.70189434
226,462848,550,2952.4399568548397,2534.628763362864,1.22,849.59,-0.04064623847662006,65.54871949106455,1.9001890372484922,0.000166368,0.76171553
227,464896,552,2998.1034506283863,2568.29873560385,1.23,857.92,-0.011083912994945423,466.9441516160965,1.8468502447009087,0.00016577408,0.7649295
228,466944,554,2974.1581677329173,2554.999879144192,1.22,852.69,-0.019536495450302026,600.9675694465637,1.935687665268779,0.00016518016,0.37798554
229,468992,556,2966.6842928208853,2548.0232824233312,1.22,851.49,-0.017689282158971763,226.5193973392248,1.8454981956630945,0.00016458624,0.8756064
230,471040,558,3000.1669742208114,2570.443245269291,1.23,856.31,-0.012217560131102801,710.3240757614374,1.8712179198861123,0.00016399231999999998,0.53892577
231,473088,561,2981.8851010493445,2553.4273263876053,1.23,850.93,-0.031104405647784005,77.72876609861851,1.8243490304797887,0.00016339839999999998,0.86031675
232,475136,564,2970.5366265588086,2542.8206874467114,1.23,848.6,-0.012880346812016797,596.327365911007,1.8052581794559956,0.00016280448,0.80517673
233,477184,565,3005.4841898930963,2566.406024096539,1.24,853.02,-0.010208423031144775,911.5441703021527,1.7182953532785177,0.00016221056,0.82412994
234,479232,568,2981.926668089822,2544.40378698485,1.24,847.13,-0.015734198817517607,207.22026405334472,1.8387016236782074,0.00016161664,0.7218286
235,481280,571,2973.362615709263,2536.740372218453,1.24,843.6,-0.02649394460604526,113.55583397448063,1.8539368085563184,0.00016102272,0.9063361
236,483328,573,2999.9406346237,2552.5599217267168,1.25,844.89,-0.019008128624409436,309.26636676490307,1.7942022144794465,0.0001604288,0.8970523
237,485376,575,3045.0387651807396,2585.7039945015194,1.26,854.49,-0.013749279457260854,522.6519215375185,1.7434329506009818,0.00015983488,0.877585
238,487424,576,3046.9384587673826,2587.5725116231256,1.26,857.02,-0.007536079181591049,784.2765462338924,1.8318943150341511,0.00015924096,0.61101115
239,489472,578,3084.3628817927647,2613.5482134023464,1.27,864.37,-0.008500722778262571,1265.301006129384,1.751615621522069,0.00015864704,0.7711487
240,491520,579,3138.436269959669,2655.2596270662143,1.28,873.58,-0.01594817124423571,484.8298206627369,1.843343122303486,0.00015805312,0.8758218
241,493568,582,3116.167025273362,2643.5750018886115,1.27,870.93,-0.01595336265163496,272.2134125888348,1.9120231606066227,0.0001574592,0.4744116
242,495616,584,3190.653942628657,2695.3146482712636,1.29,883.18,-0.010050650130142457,1441.4580952465535,1.684473916888237,0.00015686528,0.7637639
243,497664,586,3159.557416164978,2675.7881176159462,1.28,875.64,-0.027012660400941968,119.90327153205871,1.8852318454533816,0.00015627136,0.64442325
244,499712,588,3190.6991760787128,2696.1782878563768,1.29,878.16,-0.007483999914256856,713.5153888612986,1.847128076478839,0.00015567744,0.70705557
245,501760,591,3159.9874124628095,2676.4462276848813,1.28,874.57,-0.01257165175920818,426.283267724514,1.9381342642009258,0.00015508352000000002,0.27186126
246,503808,593,3148.7186148225605,2666.061035421781,1.28,870.96,-0.007504604593850672,1176.6783358454704,1.8847687665373087,0.0001544896,0.24927562
247,505856,596,3182.3218018609814,2688.2170992952465,1.29,878.42,-0.030045631139364558,77.86063317358494,1.916392895206809,0.00015389568,0.8043166
248,507904,599,3193.545637325116,2698.8579104038918,1.29,881.44,-0.017728740978054703,244.93615971952676,1.9161917984485626,0.00015330176,0.008434236
249,509952,601,3190.278866952054,2695.976391836935,1.29,877.8,-0.019275470756110736,240.92093510329724,1.8486806366592645,0.00015270784,0.8950073
250,512000,603,3136.545071899571,2654.626166750602,1.28,868.03,-0.009526808580267243,389.19481345415113,1.8365674752742052,0.00015211392,0.7949024
251,514048,606,3129.6539600398905,2648.194681326863,1.28,866.44,-0.01913597694656346,136.49307866990566,1.9142801482230425,0.00015151999999999999,0.6548766
252,516096,608,3170.775842742543,2677.3189730275058,1.29,874.7,-0.010381659746053628,313.5455143868923,1.8200657457113265,0.00015092608000000002,0.7462001
253,518144,610,3155.6617919847904,2663.241668220096,1.29,870.97,-0.010180496770772152,362.6991766810417,1.879927446320653,0.00015033216,0.7970165
254,520192,613,3090.8109547189833,2611.3011670897026,1.28,861.22,-0.038298344175564124,59.89481143280864,1.8958924073725938,0.00014973824,0.8189986
255,522240,616,3066.4753746837537,2597.50109939731,1.27,858.83,-0.02616490111395251,113.68119275271893,1.931898945569992,0.00014914432,0.5878204
256,524288,619,3076.001773468838,2606.625432552976,1.27,859.56,-0.024389861241797917,109.63618027567864,1.9165940169245004,0.00014855039999999998,0.83632874
257,526336,622,3051.320323717547,2592.3916159962364,1.26,858.05,-0.02671285558026284,66.0261828623712,1.8647174205631019,0.00014795648,0.79347646
258,528384,624,3052.370266685586,2592.9517014014973,1.26,861.39,-0.02936145152489189,52.291021721810104,1.888242730870843,0.00014736256,0.92165524
259,530432,626,3097.424835817285,2626.054823279672,1.27,869.47,-0.007301125496451277,996.5510456830264,1.8008276246488095,0.00014676864000000002,0.8188225
260,532480,629,3070.2694911079834,2610.0065627978915,1.26,862.32,-0.017473693410283885,284.3020611166954,1.9039532750844956,0.00014617472,0.029964268
261,534528,631,3127.676567878352,2654.5699023972493,1.27,873.45,-0.013839078656747005,645.3217978268862,1.8302041839808225,0.00014558080000000003,0.84127986
262,536576,633,3175.228278057637,2690.1183617540214,1.28,880.99,-0.011165686429012566,433.0931414067745,1.8918096411973238,0.00014498688,0.6614231
263,538624,635,3251.4185608076,2743.770856001401,1.3,889.9,-0.007056809947243892,1954.1729691207408,1.814232325181365,0.00014439295999999998,0.6708312
264,540672,637,3163.6372499846125,2679.61717180609,1.28,875.27,-0.02682728194340598,128.4467395171523,1.9173473302274942,0.00014379904,0.7392102
265,542720,638,3209.694761300654,2713.5884319341176,1.29,885.2,-0.010952254751464352,990.0817044019699,1.8157647401094437,0.00014320512,0.8328714
266,544768,642,3246.4303360601984,2739.1035964815446,1.3,888.69,-0.033495992011739875,64.18111110031604,1.9077649123966693,0.00014261120000000002,0.9124082
267,546816,643,3291.249921696406,2772.2163735450426,1.31,895.67,-0.011368306388612836,725.6986052036285,1.8040207497775556,0.00014201728,0.81891084
268,548864,646,3252.4809127869007,2744.8751435478166,1.3,889.95,-0.015072285909263882,250.13135325163603,1.8996565017849207,0.00014142336,0.42658275
269,550912,648,3212.817583823991,2716.497922162507,1.29,884.73,-0.010955123958410695,734.5810888618231,1.841219462454319,0.00014082944,0.7078067
270,552960,651,3280.060372196279,2761.250173268125,1.31,896.6,-0.014698490125010722,1154.342665657401,1.8120137833058834,0.00014023552,0.9058639
271,555008,654,3232.210818188283,2725.456862712273,1.3,887.45,-0.020651329209795222,158.43099102377892,1.9012595262378453,0.0001396416,0.62858343
272,557056,656,3177.4205820808165,2683.237975698137,1.29,877.77,-0.011636587989050895,567.4090584218502,1.8540098320692777,0.00013904768000000002,0.73104966
273,559104,659,3155.1420196371205,2662.579673593055,1.29,870.2,-0.014865174872102215,258.6112245336175,1.9110733821988106,0.00013845376,0.68188536
274,561152,661,3212.2297492120083,2707.305799712178,1.3,879.35,-0.010003490876988508,644.6609074115753,1.88253193795681,0.00013785984,0.6524978
275,563200,665,3143.8106750280344,2661.061550811684,1.28,871.75,-0.03145092741178814,67.75209475830198,1.8995457328855991,0.00013726592,0.8421453
276,565248,667,3144.332340636407,2661.488114279475,1.28,872.41,-0.011299968721868937,429.6769224613905,1.7929527290165423,0.00013667199999999998,0.90127987
277,567296,669,3155.938079661299,2672.1014473359314,1.28,876.63,-0.012746198265813292,353.7050014257431,1.8262567695230245,0.00013607808,0.9006122
278,569344,671,3154.114744212828,2670.230559866621,1.28,875.54,-0.012539975723484531,229.57599354088308,1.8150975201278925,0.00013548416,0.8020694
279,571392,673,3184.9760910677874,2690.0611015349195,1.29,882.59,-0.008615337501396425,891.866546267271,1.7467116467654704,0.00013489024000000002,0.77853173
280,573440,676,3108.4468449408673,2636.646479016915,1.27,866.1,-0.023416366724995898,117.94357528537512,1.8889166627079248,0.00013429632,0.66048574
281,575488,679,2984.449650389964,2547.763235910984,1.24,844.88,-0.020337176631437616,75.24419660717248,1.8959358256310224,0.00013370240000000003,0.8186816
282,577536,683,2925.3005059296092,2501.4354178083495,1.23,833.17,-0.01574699945631437,311.60409719944,1.9203900802880525,0.00013310848,0.7238072
283,579584,684,2885.0729630145056,2472.8452997365766,1.22,825.86,-0.011309394674026408,908.6892579257488,1.8970691662281751,0.00013251455999999998,0.7691472
284,581632,686,2987.950973181878,2546.858306879598,1.24,841.2,-0.010599312235717662,3854.539423495531,1.8778211824595927,0.00013192064000000002,0.7932467
285,583680,686,2987.950973181878,2546.858306879598,1.24,841.2,-0.006470756718772464,4796.4333107948305,1.786517995595932,0.00013132672,0.7387978
286,585728,689,3041.7409310167714,2584.0905181413927,1.25,849.6,-0.01575326344463974,236.73238644301892,1.8523471474647522,0.00013073280000000002,0.9158021
287,587776,692,3084.7914362471956,2615.5646000009633,1.26,854.81,-0.03659523836395238,26.747675146907568,1.9302999347448349,0.00013013888,0.9355031
288,589824,695,3037.201859477058,2580.246147943667,1.25,844.42,-0.031932971221976914,48.93290425911546,1.8832336060702801,0.00012954496,0.923439
289,591872,698,3044.9408701088496,2587.9808347126386,1.25,841.87,-0.02769127638603095,95.63338328152895,1.8582164116203785,0.00012895104,0.83905756
290,593920,701,3047.66873621537,2590.517592568595,1.25,841.3,-0.00895222086692229,341.4482719272375,1.7949073418974877,0.00012835712,0.79233307
291,595968,703,3054.846623615214,2597.2877933377717,1.25,841.98,-0.006289191951509565,385.5628765940666,1.7934729307889938,0.00012776320000000002,0.83422405
292,598016,705,3105.9737595858423,2632.2141045870826,1.26,846.0,-0.008702391388942488,6907.9185972929,1.7296998109668493,0.00012716928,0.85543257
293,600064,708,3054.8366263780267,2594.036208727262,1.25,832.67,-0.009641908892081118,310.72364397645,1.7717768192291259,0.00012657536,0.8649115
294,602112,710,3082.9587787437763,2611.2437494665514,1.26,836.13,-0.018486482836306096,195.4363995730877,1.8186484932899476,0.00012598144,0.91523945
295,604160,712,3128.077069428173,2644.6251874015807,1.27,843.44,-0.009375668066786602,599.1379848361015,1.787157805263996,0.00012538752,0.72232676
296,606208,714,3192.5194145677,2695.8100669717887,1.28,856.47,-0.014403008349472658,666.6970551550388,1.8008594084531069,0.00012479359999999998,0.84423065
297,608256,716,3224.291937641832,2716.4201178660924,1.29,861.92,-0.00501259442535229,1008.7043686449528,1.8118213597685098,0.00012419968000000001,0.39108998
298,610304,718,3231.495037375338,2723.4809614564497,1.29,861.07,-0.011218806254328228,575.6419857680797,1.7774426255375146,0.00012360576,0.68284273
299,612352,721,3282.503268879223,2762.710169073361,1.3,868.3,-0.0207861984759802,182.1221542954445,1.8811687219887971,0.00012301184000000002,0.6894238
300,614400,723,3317.6564566846328,2786.8397567268753,1.31,873.14,-0.013835974127869122,505.8000213265419,1.8330855574458838,0.00012241792,0.7199023
301,616448,725,3315.4082660777417,2785.1810089516675,1.31,869.47,-0.012598292133770884,398.68205929100515,1.7962691321969033,0.00012182400000000003,0.8773883
302,618496,727,3306.0560067556908,2776.4403117563784,1.31,868.97,-0.021994308932335116,134.6521975159645,1.935132398828864,0.00012123008000000001,0.8123591
303,620544,729,3389.643626064085,2836.6130741191573,1.33,884.94,-0.011167051689699291,648.4212442427873,1.7878449294716119,0.00012063615999999999,0.7555248
304,622592,732,3345.2475754281577,2803.954926343672,1.32,878.9,-0.021655910124536604,247.7618616104126,1.8402476970106363,0.00012004224000000002,0.15998524
305,624640,734,3248.432443184202,2731.135705775451,1.3,865.01,-0.020596336288144813,67.35351201221347,1.8163000743836164,0.00011944832,0.7844388
306,626688,737,3265.2058652904734,2747.219650311685,1.3,867.62,-0.01159864442597609,758.3363383054733,1.7903296034783125,0.00011885440000000003,0.5708262
307,628736,739,3222.33042175482,2716.391435173097,1.29,857.74,-0.011530035515897907,172.11877664923668,1.842693741619587,0.00011826048,0.8797504
308,630784,741,3242.6733149638458,2735.26357015497,1.29,864.24,-0.008597321537672542,653.77492236197,1.8737063847482205,0.00011766656,0.18722075
309,632832,743,3248.002978096913,2740.454967386368,1.29,864.02,-0.015991810319246725,554.2337214767933,1.814338668808341,0.00011707264000000001,0.8847199
310,634880,747,3238.3990711101305,2731.941130241289,1.29,857.41,-0.023713560357282403,89.48126834481954,1.8366275060921908,0.00011647872000000001,0.7662665
311,636928,749,3212.5587048202883,2717.021315913992,1.28,852.8,-0.013727080007083715,704.331436046958,1.8068515487015246,0.00011588480000000002,0.8108406
312,638976,751,3220.359346898347,2724.4896735373068,1.28,853.52,-0.019083354325266554,367.2757510840893,1.7931200098246336,0.00011529088,0.9433069
313,641024,753,3266.050027440233,2758.4430874072573,1.29,861.67,-0.013398704145220108,413.42226730883124,1.8079176299273967,0.00011469696,0.81090784
314,643072,754,3319.9617907676566,2799.806978272155,1.3,873.72,-0.011218351908610202,813.9811148643494,1.826159468665719,0.00011410304,0.8943077
315,645120,757,3338.170165049095,2816.904857991005,1.3,876.68,-0.007193161908071488,1445.5621433198453,1.8378933012485503,0.00011350912000000001,0.3927157
316,647168,760,3293.481765780193,2783.6081005767546,1.29,870.23,-0.03296270813443698,78.50992533192039,1.8188641089946032,0.00011291520000000001,0.6399262
317,649216,762,3361.905750445465,2829.77229565239,1.31,877.63,-0.01023922874010168,637.754623144865,1.7838880728930235,0.00011232128000000002,0.85652655
318,651264,764,3362.638309748263,2830.575847917454,1.31,876.54,-0.00872192109527532,843.6525756806135,1.7953220244497061,0.00011172736,0.8058099
319,653312,766,3453.8384173262452,2897.928908023589,1.33,889.99,-0.00920644833240658,448.974213463068,1.7646879639476538,0.00011113344000000003,0.8837024
320,655360,769,3411.833542420127,2867.5148923210786,1.32,880.95,-0.00925419227569364,760.5557296276093,1.8010634392499925,0.00011053952,0.8814907
321,657408,771,3456.6329574119522,2900.246889049542,1.33,888.66,-0.0134140803857008,591.8612131595612,1.8065408147871493,0.00010994559999999998,0.86530864
322,659456,773,3420.3552849949456,2875.4476782205475,1.32,880.86,-0.01218546306481585,489.8041366904974,1.7523287661373614,0.00010935168000000001,0.86162436
323,661504,775,3460.3749936766685,2903.956141935741,1.33,885.99,-0.00953471102984622,670.058339548111,1.7907585993409156,0.00010875775999999999,0.8665188
324,663552,778,3460.423992413096,2904.06669541383,1.33,884.06,-0.008883900751243345,660.0596038132906,1.8075230889022351,0.00010816384000000002,-0.6151638
325,665600,780,3519.8554825450537,2950.522415425487,1.34,895.71,-0.011373348714550957,460.1258990883827,1.8219643242657184,0.00010756992,0.8866001
326,667648,783,3524.2739499372,2954.6190406820165,1.34,896.87,-0.0166132012847811,186.88671193122863,1.7940828714519739,0.00010697600000000003,0.6648587
327,669696,786,3431.325777414057,2889.600772805156,1.32,885.13,-0.009837576083373278,247.80435066819192,1.8163723148405553,0.00010638208,0.3823145
328,671744,788,3325.5609655459343,2813.0268845991855,1.3,866.14,-0.010034626675769686,319.5220896035433,1.8161551110446452,0.00010578816000000001,0.74380076
329,673792,790,3335.102778649237,2821.8460552207634,1.3,868.41,-0.012174939035321585,1293.325464218855,1.7948934491723776,0.00010519424000000001,0.76261985
330,675840,793,3371.368331223231,2846.928809752512,1.31,871.06,-0.014588605245808139,311.4291441887617,1.8319729041308164,0.00010460032000000002,0.6812383
331,677888,795,3413.8948746837686,2877.6810711131156,1.32,876.8,-0.008817381740664132,869.7035972893239,1.781254281848669,0.00010400640000000002,0.7790823
332,679936,797,3482.6970269299345,2923.8426208781284,1.34,887.8,-0.010710239663603715,404.0346486121416,1.796626152470708,0.00010341248,0.8921227
333,681984,800,3457.44249017292,2909.5151610891603,1.33,884.12,-0.01681106077157892,187.4004497885704,1.8423081498593092,0.00010281856,0.39659524
334,684032,804,3345.865269631586,2827.3261148565743,1.31,865.66,-0.027063365009962582,89.27922582924366,1.8162988297641278,0.00010222464,0.8655771
335,686080,807,3356.946507253597,2837.2985146950814,1.31,870.51,-0.019023373955860734,146.66762664169073,1.7972198083996773,0.00010163072000000001,0.7224966
336,688128,810,3328.8818737389392,2819.942426175777,1.3,866.26,-0.008979245278169401,440.4238410770893,1.7288037087768315,0.00010103680000000001,0.8508784
337,690176,812,3299.2110729112087,2801.038929287673,1.29,861.4,-0.013183169154217467,261.8917508080602,1.7461271964013576,0.00010044288000000002,-0.18399346
338,692224,814,3288.816054786551,2791.4758986302827,1.29,856.2,-0.007596588500018697,571.4560826271772,1.809105681627989,9.984896e-05,0.7473649
339,694272,817,3281.788829277239,2785.2333287025826,1.29,852.68,-0.007086771924514323,560.6645534545183,1.7594372648745775,9.925504000000003e-05,0.63040924
340,696320,819,3288.9648411459966,2791.63890399986,1.29,853.81,-0.014349741383921356,275.1680741041899,1.8276653852313758,9.866112e-05,0.92978376
341,698368,821,3314.803676597284,2806.3974373944466,1.3,856.88,-0.007580469458480366,964.0930094957351,1.7599032446742058,9.806720000000001e-05,0.8479962
342,700416,823,3321.764114878705,2813.0660844815884,1.3,856.0,-0.011728127105743624,454.6688682496548,1.7419432621449231,9.747328000000001e-05,0.9016447
343,702464,824,3319.81637238872,2811.1593799623265,1.3,855.29,-0.010923191998153925,3020.091431197524,1.803503220528364,9.687935999999999e-05,0.83446467
344,704512,827,3391.304264968223,2864.986292288406,1.31,863.64,-0.006050261779455468,800.4673100471497,1.772370333224535,9.628544000000002e-05,0.5178876
345,706560,829,3371.926086153654,2855.61275393918,1.3,860.93,-0.014761816363898107,754.2180701494217,1.7663618694990872,9.569152e-05,0.8835862
346,708608,832,3404.156753853728,2877.2626983177365,1.31,860.2,-0.00949084286694415,411.9326624512672,1.7727298773825169,9.509760000000003e-05,0.8990892
347,710656,833,3439.5198571846913,2901.576287498406,1.32,863.64,-0.00887032227765303,489.5540222644806,1.7230719048529863,9.450368e-05,0.9011482
348,712704,837,3437.9122309914796,2899.8551740043245,1.32,861.25,-0.019328436205978506,249.2427571401,1.7747838739305735,9.390976000000001e-05,0.7200817
349,714752,839,3431.092777345443,2893.4599364472338,1.32,858.17,-0.01392431922722608,238.49022239893674,1.7495493989437818,9.331584000000001e-05,0.9570662
350,716800,841,3426.8011659474737,2889.6933461782346,1.32,853.58,-0.007776207139249891,964.8890677660704,1.72804966121912,9.272191999999999e-05,0.754477
351,718848,843,3456.3670889670598,2908.0999338539345,1.33,857.64,-0.008354739283095113,885.714707916975,1.7900047536939383,9.212800000000002e-05,0.8206096
352,720896,845,3538.1386266893255,2966.328078708729,1.35,872.38,-0.011057499118032865,244.0310704231262,1.7802790068089962,9.153408e-05,0.9656202
353,722944,847,3582.7279882206785,2999.0462459334353,1.36,879.34,-0.013290390407200902,498.29918320178984,1.7825005747377873,9.094016e-05,0.9417272
354,724992,849,3627.0877348237823,3031.6252818395624,1.37,884.81,-0.013813187391497195,190.91352386474608,1.741126709803939,9.034624000000001e-05,0.96208817
355,727040,850,3633.8390896366236,3037.854297548877,1.37,886.51,-0.00809312345518265,1379.4228558599948,1.7737624775618315,8.975232000000001e-05,0.9438615
356,729088,854,3555.1058274289917,2973.0683616937085,1.36,866.8,-0.02411981805926189,100.47071852087974,1.813249819353223,8.915840000000002e-05,0.82849264
357,731136,855,3526.515807216193,2955.131374236307,1.35,863.89,-0.006431053631240502,532.8255965828896,1.736103044077754,8.856448000000002e-05,0.84969765
358,733184,858,3600.36583310421,3006.0800539974803,1.37,877.35,-0.0037527076492551714,863.7213645935059,1.7611338239163161,8.797056e-05,0.73990047
359,735232,859,3631.3258431661034,3026.1537943192984,1.38,879.93,-0.004430206102551892,2127.8328894615174,1.7667683448642493,8.737664000000003e-05,0.9107198
360,737280,863,3612.388832750445,3018.0110067104274,1.37,876.27,-0.02131555117375683,136.62293018996715,1.7930146168917418,8.678272e-05,0.6126908
361,739328,864,3618.8936824213642,3023.978319579081,1.37,878.67,-0.004993895243387669,870.5230767428875,1.8088878337293863,8.618880000000001e-05,0.7953217
362,741376,866,3584.770951444422,3001.0316646919637,1.36,874.28,-0.01020347591547761,425.5918328166008,1.814321593940258,8.559488000000001e-05,0.89021367
363,743424,869,3626.5539394617886,3031.4079720292757,1.37,879.79,-0.013768975550192408,203.28183420598506,1.8107135266065597,8.500095999999999e-05,0.95273
364,745472,871,3631.1328498446615,3035.9881709197366,1.37,880.23,-0.006768163709784858,451.5132504761219,1.7350327424705028,8.440704000000002e-05,0.8247671
365,747520,873,3641.737396938181,3045.9532486276485,1.37,880.02,-0.00970160377837601,543.7318662852049,1.7368304051458836,8.381312e-05,0.7891005
366,749568,875,3598.216170966443,3013.8316796272375,1.36,875.29,-0.0138051043410087,305.69212918281556,1.7262789659202098,8.321920000000003e-05,0.91883373
367,751616,877,3641.3699599219217,3045.140898839804,1.37,881.53,-0.00847341813496314,397.83676923215387,1.7786255341023207,8.262528000000001e-05,0.90056294
368,753664,880,3628.79326100779,3033.51242808401,1.37,877.89,-0.012819262588163838,118.26710850596427,1.7877772774547338,8.203136000000004e-05,0.87941366
369,755712,882,3670.484475161808,3063.509352208105,1.38,883.46,-0.008850294761941768,533.5147943377494,1.7801295686513186,8.143744000000002e-05,0.92783713
370,757760,885,3724.1298116088783,3095.7882975486323,1.4,888.82,-0.007135697975172661,308.6184579223394,1.7235101204365493,8.084352e-05,0.89260066
371,759808,887,3755.0871183045338,3115.7347094622987,1.41,892.17,-0.011245141457766294,308.3156359016895,1.7756226878613233,8.024960000000003e-05,0.8966594
372,761856,889,3726.212302465189,3097.737524688198,1.4,889.02,-0.008605871265172028,802.6882913589477,1.8091699246317148,7.965568e-05,0.047849417
373,763904,891,3747.1812767926317,3117.2970136698004,1.4,894.62,-0.005474537989357486,933.3219669640064,1.7443821795284749,7.906176000000003e-05,0.81529295
374,765952,894,3777.1026816168505,3136.294136177564,1.41,899.43,-0.012379839079221711,186.52730857431888,1.7164739862084388,7.846784000000001e-05,0.9303136
375,768000,896,3738.9987449834275,3109.6821447208763,1.4,894.55,-0.01084337345964741,448.0457085892558,1.7986243199557066,7.787392000000001e-05,0.9173351
376,770048,897,3733.65964067014,3104.605719089077,1.4,892.65,-0.006732384796487167,991.5230501294136,1.7407779309898614,7.728000000000002e-05,0.9265695
377,772096,898,3848.45457011062,3189.8811697325455,1.42,911.62,-0.004050204384839162,3441.948393833637,1.8107259541749954,7.668608000000002e-05,0.8667259
378,774144,900,3930.449659053587,3248.714718266438,1.44,922.17,-0.007905575817858335,433.3357457280159,1.7631711434572934,7.609216e-05,0.9215092
379,776192,901,3965.753920924928,3272.710272536785,1.45,926.53,-0.007930190241313539,1250.8736804783343,1.7249620582908392,7.549824e-05,0.94770926
380,778240,904,4009.5883845288727,3304.8258032312115,1.46,933.61,-0.017877998974290675,201.15830433666707,1.727864233776927,7.490432000000001e-05,0.95665604
381,780288,907,4066.1156303783287,3348.8915632972553,1.47,942.21,-0.016300977231003343,360.39357486367226,1.7779744811356069,7.431040000000001e-05,0.41350263
382,782336,909,4043.060008608075,3336.313286743879,1.46,940.07,-0.007597022681147791,622.3598830103874,1.685721804574132,7.371648000000002e-05,0.8278886
383,784384,910,4141.1372876842,3405.999374113902,1.48,953.61,-0.0016344440125976689,5767.974783873558,1.7682988986372947,7.312256e-05,0.80255955
384,786432,912,4248.129493751664,3484.235705214692,1.5,966.47,-0.007136150400037877,7804.072175335884,1.7666404500603676,7.252864000000003e-05,0.8702556
385,788480,914,4247.445054319143,3483.865049431818,1.5,965.05,-0.007418641186086461,569.2641211628913,1.7100769348442555,7.193472e-05,0.91421866
386,790528,916,4242.67163510091,3479.1907832915517,1.5,964.48,-0.012100896437186748,242.9215074598789,1.6475050631910562,7.134080000000003e-05,0.8821722
387,792576,918,4266.338968184759,3492.392098745046,1.51,966.86,-0.010166150945588015,398.40847581028936,1.7367360543459653,7.074688000000001e-05,0.9642756
388,794624,921,4267.678540285418,3494.0302276359034,1.51,965.43,-0.011882639315444976,341.0747874736786,1.7174684178084134,7.015296000000004e-05,0.92423636
389,796672,923,4228.69388549412,3466.5938862195285,1.5,958.74,-0.0042299128806917,1799.1412634313106,1.6839919496327638,6.955904000000002e-05,0.6679301
390,798720,926,4189.2655765968075,3434.20200835289,1.5,949.5,-0.009354301630810368,381.9663612961769,1.6688361991196872,6.896512e-05,0.9114215
391,800768,927,4243.626889601226,3476.2272620411904,1.51,958.28,-0.0066693470755126326,450.2270996570587,1.6705825757235289,6.837120000000003e-05,0.9596594
392,802816,930,4201.186515121321,3445.9174961145095,1.5,951.12,-0.016187466046540068,192.58336259424686,1.7043706584721803,6.777728e-05,0.9420733
393,804864,931,4237.521820818536,3470.756742344049,1.51,957.12,-0.0058845897583523765,620.4525512158871,1.6756974928081037,6.718336000000004e-05,0.933616
394,806912,933,4283.547086905236,3504.6268796934733,1.52,965.2,-0.009683661474264227,426.1779064774513,1.7115873608738184,6.658944000000001e-05,0.9595739
395,808960,935,4287.904338972883,3508.6434995887025,1.52,966.69,-0.007878372562117875,354.9135488986969,1.7127229418605565,6.599552000000002e-05,0.90486443
396,811008,937,4357.365245468907,3555.578819196305,1.54,975.79,-0.013417669999762438,260.5338267743588,1.6734557148069142,6.540160000000002e-05,0.9603946
397,813056,939,4374.311131709646,3571.666769567804,1.54,979.39,-0.006700022483710199,559.4997690975666,1.7272719226777553,6.480768000000003e-05,0.90901697
398,815104,942,4364.397472223902,3562.2926276759417,1.54,977.82,-0.007607977694715373,312.50488069355487,1.745550125464797,6.421376000000003e-05,0.815355
399,817152,944,4289.7411095508905,3510.493861099541,1.52,965.01,-0.010374802084697876,370.4335533350706,1.6280983675271272,6.361984e-05,0.8799491
400,819200,946,4369.707489003719,3576.51682376413,1.53,979.0,-0.011674259767460171,296.81250821352006,1.6808397319167852,6.302592000000001e-05,0.9398427
401,821248,948,4321.316437977088,3540.1256911508785,1.52,970.99,-0.011455452983500435,263.9292875826359,1.6277869779616594,6.243200000000001e-05,0.91143155
402,823296,949,4355.2421288520445,3562.7565042503384,1.53,976.29,-0.005044712813105434,517.6283302307129,1.5991220649331808,6.183808000000002e-05,0.9354028
403,825344,951,4300.454928566029,3520.7413671471136,1.52,966.12,-0.010528764422633684,236.83710800409318,1.7098793506622314,6.124416e-05,0.96038634
404,827392,953,4401.361573057843,3597.171474911802,1.54,982.77,-0.009533944801660255,208.9914037823677,1.6083037838339806,6.065024000000003e-05,0.96482134
405,829440,955,4472.3556245847685,3645.490885568956,1.56,992.86,-0.005610531827551312,494.6481009721756,1.6738588064908981,6.0056320000000004e-05,0.92829776
406,831488,956,4474.882502955323,3648.032604128076,1.56,990.24,-0.011149350623600184,397.68560870885847,1.6656618271023036,5.9462400000000036e-05,0.96354485
407,833536,959,4463.426516736051,3646.683585457464,1.55,988.36,-0.01257383182819467,269.1410349830985,1.6460618134588003,5.886848000000001e-05,0.6575053
408,835584,962,4440.836237922219,3624.93750023224,1.55,985.07,-0.008100549812661484,261.4461916387081,1.6324563533067704,5.827455999999999e-05,0.96424913
409,837632,964,4490.218465930989,3662.2010488298047,1.56,992.24,-0.008568670111708343,305.9561778008938,1.5999896369874478,5.768064000000002e-05,0.9429179
410,839680,966,4442.199292032255,3626.3482101738828,1.55,983.94,-0.011734046920901164,157.7493418097496,1.610922198370099,5.708672e-05,0.9724505
411,841728,968,4524.9214805707525,3690.7894723341205,1.56,995.58,-0.004367391811683774,4351.6461346566675,1.6179533194750548,5.649280000000003e-05,0.7612458
412,843776,970,4486.243002531762,3663.478876141783,1.55,990.69,-0.007052636932348833,405.0648843884468,1.6170773815363646,5.5898880000000006e-05,0.8995191
413,845824,972,4552.638856835064,3712.6528221347758,1.56,996.42,-0.005093733096146025,4054.031910943985,1.6496273286640644,5.530496000000001e-05,0.9109067
414,847872,974,4570.0644400252195,3729.2849639145297,1.56,998.4,-0.004574800605769269,696.1159307122231,1.6067177310585976,5.471103999999999e-05,0.8470038
415,849920,976,4538.583772798073,3708.964368897153,1.55,993.5,-0.00577095720655052,325.28465121388433,1.6402767088264227,5.411712000000002e-05,0.9121867
416,851968,978,4565.718473058413,3725.4922926310446,1.56,994.67,-0.006916973378974944,458.9609540373087,1.6069563414901495,5.3523199999999996e-05,0.93886125
417,854016,981,4602.891823955823,3751.386776999165,1.57,999.22,-0.011011270683957264,138.62555232346057,1.5815329432487488,5.292928000000003e-05,0.97428864
418,856064,982,4650.5847136439515,3786.9608011351315,1.58,1007.19,-0.013140594016294926,172.5993288487196,1.5856133259832859,5.2335360000000004e-05,0.9585609
419,858112,984,4660.585124160229,3796.1576161976686,1.58,1009.73,-0.008543708166689612,239.95561609864234,1.6161569580435753,5.174143999999998e-05,0.97722363
420,860160,985,4702.260393600472,3826.4762683786844,1.59,1014.26,-0.006325096715590917,394.6903334677219,1.6183702934533357,5.114752000000001e-05,0.96749043
421,862208,987,4752.168012442014,3864.229799636155,1.6,1022.67,-0.009981452141073533,212.91016154587268,1.5994969360530376,5.055359999999999e-05,0.9652684
422,864256,989,4784.934651344963,3885.8880781558582,1.61,1026.84,-0.007519560601213016,371.92190442979336,1.6675271414220334,4.995968000000002e-05,0.9475876
423,866304,991,4806.421574560558,3897.1166614358067,1.62,1027.59,-0.004758697497891262,572.893316322565,1.6494880087673665,4.936576e-05,0.93944365
424,868352,992,4806.704814536835,3897.3213239092797,1.62,1026.75,-0.01023156440933235,250.0939150571823,1.6111016307026147,4.877184000000003e-05,0.982827
425,870400,994,4851.702434405966,3930.386460102213,1.63,1034.47,-0.0032386484614107757,552.4783890247345,1.6275145929306745,4.8177920000000006e-05,0.92471874
426,872448,997,4854.528911925413,3932.835910038241,1.63,1035.95,-0.007424607052234933,182.01614860892295,1.7094380393624307,4.758400000000004e-05,0.9664191
427,874496,999,4753.016593104925,3850.821685504676,1.62,1017.31,-0.006961025361670181,195.07843741178513,1.5578830849379302,4.6990080000000015e-05,0.96916074
428,876544,1000,4771.589493101348,3868.101245074186,1.62,1022.89,-0.00924851823656354,332.4990480601788,1.6393233872950077,4.639615999999999e-05,0.95025265
429,878592,1002,4735.062803270707,3843.427594819971,1.61,1014.71,-0.007543038726726081,437.9612182676792,1.5930937800556422,4.580224000000002e-05,0.96022457
430,880640,1004,4813.11185764845,3898.1173330281513,1.63,1028.02,-0.009554883959935978,127.14463814496995,1.5875182196497917,4.520832e-05,0.98346585
431,882688,1006,4840.687735198361,3914.555490142834,1.64,1031.05,-0.00808884714206215,165.33296385705472,1.566976949200034,4.461440000000003e-05,0.98197955
432,884736,1007,4842.942971774624,3916.576800795473,1.64,1032.38,-0.004840671809506603,506.0314479291439,1.585192733258009,4.402048000000001e-05,0.93579257
433,886784,1009,4981.368058311197,4015.07884940395,1.67,1051.24,-0.0022447222610935567,3308.363766425848,1.5997490555047988,4.342656000000004e-05,0.8467953
434,888832,1011,4820.196726864405,3899.5891774384286,1.64,1029.39,-0.009794719130150042,236.56477268338205,1.6115566238760948,4.283264000000002e-05,0.9487608
435,890880,1013,4869.114854759653,3936.3986114297754,1.65,1037.32,-0.0016835360787808896,963.9228295326233,1.5801063172519207,4.223872000000005e-05,0.7910037
436,892928,1015,4841.212928588916,3919.1212749927527,1.64,1033.93,-0.006864855025196448,318.3074967026711,1.5966307431459428,4.1644800000000025e-05,0.9511881
437,894976,1017,4869.802104327515,3936.7382149579494,1.65,1037.09,-0.006415187907987274,233.92342268824578,1.5093807622790336,4.105088e-05,0.982265
438,897024,1019,4832.073234857872,3910.67389879275,1.64,1029.78,-0.008753006250481121,135.2926404029131,1.6228504359722138,4.0456960000000034e-05,0.97943866
439,899072,1021,4918.599813160733,3973.3754060902506,1.66,1045.57,-0.0022803079831646756,975.5130840420723,1.5592732265591622,3.986304000000001e-05,0.93329644
440,901120,1023,4947.546049571927,3991.352039912414,1.67,1050.18,-0.006411784925148822,367.45798969566823,1.5719781789928675,3.926912000000004e-05,0.9494089
441,903168,1025,4943.485477113311,3987.1210773263842,1.67,1051.33,-0.007035072217695415,195.79690628647805,1.6214598651975394,3.867520000000002e-05,0.97703445
442,905216,1027,4933.080266162972,3977.3667112731673,1.67,1047.97,-0.003543989057652652,265.8727580070496,1.5314663272351026,3.808128000000005e-05,0.97642297
443,907264,1029,4944.213692753023,3987.5525828054115,1.67,1050.41,-0.001520471228286624,2255.6101719617845,1.6297141384333371,3.748736000000003e-05,0.76837355
444,909312,1031,4944.145921859417,3987.67060354295,1.67,1049.95,-0.005187520963954739,294.48877941071987,1.5846847236156463,3.689344000000006e-05,0.95751846
445,911360,1034,4835.584502044527,3913.0367559314,1.64,1034.68,-0.004115584245300852,549.5930014461279,1.624811253324151,3.6299520000000036e-05,0.6633475
446,913408,1036,4836.211347098881,3913.5871824957035,1.64,1035.24,-0.009531229195999913,219.68878110647202,1.670545455440879,3.570560000000001e-05,0.97597575
447,915456,1038,4826.395950569694,3904.4639474048518,1.64,1033.23,-0.00514589851081837,258.8151984781027,1.571247049048543,3.5111680000000044e-05,0.9732998
448,917504,1040,4827.107100518682,3905.0200065527524,1.64,1033.86,-0.004035541700432077,478.4211526751518,1.6510134592652321,3.451776000000002e-05,0.8989732
449,919552,1042,4878.7186468675445,3944.3475778888915,1.65,1042.33,-0.0015979259478626773,857.1189565658569,1.6270943254232406,3.392384000000005e-05,0.8195672
450,921600,1043,4925.320787818027,3979.0122573931485,1.66,1049.01,-0.006369104591431096,234.89717012643814,1.6047231379896403,3.332992000000003e-05,0.97525465
451,923648,1045,4969.664055573387,4011.335216699567,1.67,1058.19,-0.0045563051709905265,663.7485728383065,1.6777694925665856,3.2736000000000006e-05,0.94585526
452,925696,1047,4950.535896662408,3993.4033487124766,1.67,1054.32,-0.004279531280917581,572.5049821317195,1.5910039097070694,3.214208000000004e-05,0.8659653
453,927744,1049,4950.267903761172,3993.206559548377,1.67,1053.92,-0.0037291456799721347,302.8102418601513,1.5893952827900648,3.1548160000000015e-05,0.97323155
454,929792,1051,4942.838897063457,3986.1894985449117,1.67,1051.93,-0.007613699525245465,318.3732746064663,1.6280521854758263,3.095423999999999e-05,0.9709023
455,931840,1053,4928.684477304718,3972.7263605095955,1.67,1050.2,-0.003392241123947315,308.8835005581379,1.5954809200018645,3.0360320000000023e-05,0.98304236
456,933888,1054,4944.313831602797,3987.493861986479,1.67,1052.8,-0.0033498449134640395,309.14358390569686,1.570994934812188,2.97664e-05,0.9783187
457,935936,1055,4956.366704742058,3998.813719472898,1.67,1055.4,-0.006149115785956383,326.0778309226036,1.611861387640238,2.917248000000003e-05,0.9639557
458,937984,1058,4947.831957385799,3990.956597544951,1.67,1054.49,-0.002384604004328139,405.63547854423524,1.6370297834277152,2.857856000000001e-05,0.9441901
459,940032,1060,4946.94129101991,3990.0502704978135,1.67,1055.27,-0.004813896390260197,265.40355383455756,1.5975025657564401,2.7984639999999986e-05,0.97462267
460,942080,1062,4998.729753488378,4029.5753811354793,1.68,1063.0,-0.0006986515872995369,1425.6484105348586,1.5937446892261504,2.7390720000000017e-05,0.8104087
461,944128,1063,5037.441131866072,4056.7146438687473,1.69,1068.73,-0.00462107093189843,393.0804744064808,1.523134971782565,2.6796799999999994e-05,0.9708109
462,946176,1065,5046.4728507466925,4065.189093713829,1.69,1070.53,-0.004728516927571036,146.61005898714066,1.5871276296675205,2.6202880000000025e-05,0.9829146
463,948224,1068,5002.539258805973,4028.174339069426,1.69,1063.64,-0.004804470171802677,205.001356869936,1.6163893826305866,2.5608960000000002e-05,0.9667998
464,950272,1070,5000.466741913808,4026.135213249923,1.69,1064.3,-0.0062800880172289904,110.49810519218445,1.608265256881714,2.5015040000000033e-05,0.98671514
465,952320,1072,4981.048705137874,4011.8742011966488,1.69,1065.01,-0.00444281157979276,352.446034103632,1.6169919721782207,2.442112000000001e-05,0.9676283
466,954368,1074,4974.995841162326,4006.1698482526344,1.69,1064.3,-0.005180558902793564,258.98212512135507,1.5777752876281739,2.3827199999999988e-05,0.9680756
467,956416,1075,5022.0662057427435,4041.2918918262862,1.7,1071.11,-0.00444441718282178,234.86118254065514,1.6043106380850076,2.323328000000002e-05,0.9816167
468,958464,1077,5060.278807779114,4067.967219031374,1.71,1077.28,-0.007727528872783296,240.82631693482398,1.5418182738125323,2.2639359999999996e-05,0.9769416
469,960512,1080,5034.801949801443,4052.782275694674,1.7,1075.73,-0.0012271374289412051,717.8712910890579,1.55442297719419,2.2045440000000027e-05,0.90738714
470,962560,1081,5045.579268426082,4062.9435140815513,1.7,1078.47,-0.0062693353916984055,173.53803356289865,1.6003572180867196,2.1451520000000004e-05,0.9835492
471,964608,1083,5022.875506688523,4041.8183475029073,1.7,1074.03,-0.0020355820801341907,573.0508578538895,1.5239678334444762,2.0857600000000036e-05,0.948692
472,966656,1085,4971.458507126406,4002.582408825864,1.69,1065.87,-0.003702264901949093,344.8511303782463,1.5115349892526866,2.0263680000000013e-05,0.97487766
473,968704,1087,4967.491257331805,3998.788552662852,1.69,1064.73,-0.005167056113714352,370.988090211153,1.5932345557957888,1.9669760000000044e-05,0.9664046
474,970752,1089,4979.985160140799,4010.775239056841,1.69,1065.26,-0.0005028285639127716,2316.611957168579,1.5894930750131606,1.907584000000002e-05,0.76664275
475,972800,1091,4906.294087757994,3959.8948873066365,1.67,1054.2,-0.0010045395902125165,807.9270558714867,1.530022482201457,1.8481920000000052e-05,0.85227174
476,974848,1093,4973.943452494494,4010.326335439035,1.68,1062.92,-0.0009395679517183453,6544.714079213142,1.543236054852605,1.788800000000003e-05,0.88495266
477,976896,1094,4998.883383346006,4024.7196549241307,1.69,1065.02,-0.0010020545858424156,620.5930621862411,1.5272564902901649,1.7294080000000006e-05,0.9437021
478,978944,1096,5021.3687240533745,4045.963166546931,1.69,1068.6,-0.0016139780374942348,375.9800105333328,1.5854112781584262,1.6700160000000038e-05,0.9555052
479,980992,1098,5021.924033726515,4046.6359611502307,1.69,1068.52,-0.0030432270606979726,389.76810027360915,1.4858448009938001,1.6106240000000015e-05,0.9833867
480,983040,1100,5017.162406716917,4042.342072290591,1.69,1065.67,-0.0030353089940035717,156.09500972032546,1.5590074755251409,1.5512320000000046e-05,0.9867987
481,985088,1101,5046.4463501055525,4060.5189667366353,1.7,1070.41,-0.0006172821376821958,1062.491251206398,1.5102469488978385,1.4918400000000023e-05,0.9219134
482,987136,1104,5043.462567592887,4062.969495664307,1.69,1069.19,-0.0002051418967312202,5248.116646575928,1.6799130387604237,1.4324480000000054e-05,0.7558794
483,989184,1106,4991.823392134674,4023.878360206047,1.68,1061.13,-0.0027168490836629645,282.93610468506813,1.6073121935129167,1.3730560000000031e-05,0.97548693
484,991232,1109,4878.215665888026,3939.8836011300887,1.66,1042.93,-0.0018249192857183517,384.17808138132096,1.5250102464109658,1.3136640000000063e-05,0.9680491
485,993280,1111,4908.49755366476,3959.4883735018575,1.67,1045.96,-0.001467411807971075,740.6132209777832,1.564938675239682,1.254272000000004e-05,0.968379
486,995328,1113,4893.559348079683,3945.7018157424186,1.67,1042.47,-0.0016093221434857695,383.59152921438215,1.553653397411108,1.1948800000000017e-05,0.96786207
487,997376,1115,4886.47835411885,3939.033142141941,1.67,1041.91,-0.0013439206668408588,323.0980544090271,1.611926343664527,1.1354880000000048e-05,0.9793088
488,999424,1117,4853.847419155116,3917.541975645007,1.66,1037.78,-0.001229702474665828,538.2604971289635,1.5107025280594826,1.0760960000000025e-05,0.97541785
489,1000000,1118,4831.65539006207,3896.741688605556,1.66,1033.14,-0.004128679633140564,80.95121666590373,1.5956806672943964,1.0167040000000056e-05,0.9431038
