update,timesteps,episodes,mean_reward,mean_score,mean_stage,mean_length,policy_loss,value_loss,entropy,learning_rate,explained_var,mean_start_stage,start_stage_t1_frac,start_stage_t2_frac,start_stage_t3_frac,start_stage_t4_frac,eval_mean_reward,eval_mean_score,eval_mean_max_stage,eval_mean_length,eval_over_max_rate
1,4096,5,1052.3081290346977,1684.589266088149,1.6,697.6,-0.04635809007595526,24294.8487739563,1.8769904794171453,0.0003,0.0010263324,1.6,0.6,0.4,0.0,0.0,,,,,
2,8192,11,1214.5160744982334,1578.745534468379,1.6363636363636365,710.1818181818181,-0.03586703631663113,16826.50577735901,1.901355788577348,0.00029995972266666667,-0.09821677,1.6363636363636365,0.6363636363636364,0.36363636363636365,0.0,0.0,,,,,
3,12288,16,1308.6734421720398,1645.3131263038026,1.5625,730.875,-0.04106561326989322,12325.269156455994,1.865997256245464,0.0002999194453333333,0.026349843,1.5625,0.625,0.375,0.0,0.0,,,,,
4,16384,22,1327.7813067705547,1642.0337237839528,1.5,743.3636363636364,-0.0322179665126896,17032.00771546364,1.8904144004918635,0.000299879168,-0.039593935,1.4545454545454546,0.6818181818181818,0.3181818181818182,0.0,0.0,,,,,
5,20480,28,1265.17429112473,1581.0538932468828,1.5357142857142858,713.2142857142857,-0.036926704644429265,13247.438737869263,1.8504241046030074,0.00029983889066666664,0.23175472,1.5,0.6785714285714286,0.32142857142857145,0.0,0.0,,,,,
6,24576,33,1436.7303484428976,1689.5162060224955,1.5454545454545454,737.8484848484849,-0.035224512447712186,14191.43686413765,1.8302142075262964,0.00029979861333333333,0.039847553,1.4848484848484849,0.6666666666666666,0.3333333333333333,0.0,0.0,,,,,
7,28672,37,1579.3190556493598,1788.5628680777008,1.5675675675675675,770.2972972972973,-0.025025727092724992,15057.341596364975,1.8499617038760334,0.00029975833599999997,0.14734405,1.4864864864864864,0.6756756756756757,0.32432432432432434,0.0,0.0,,,,,
8,32768,41,1715.3365738060356,1855.9224635026012,1.5609756097560976,790.0,-0.028268871870750445,10138.06271803379,1.8230982238892466,0.00029971805866666666,0.20031726,1.4634146341463414,0.6829268292682927,0.3170731707317073,0.0,0.0,,,,,
9,36864,46,1681.244923730225,1838.0117717341323,1.5434782608695652,792.4782608695652,-0.04339429122774163,3099.0917205810547,1.8784917728044093,0.0002996777813333333,0.22302008,1.4565217391304348,0.6739130434782609,0.32608695652173914,0.0,0.0,,,,,
10,40960,50,1816.3627418723065,1902.3056017350398,1.56,807.24,-0.02521631798663293,11272.991871833801,1.8287679958157241,0.000299637504,0.2165643,1.46,0.68,0.32,0.0,0.0,,,,,
11,45056,57,1738.2859585800518,1836.0061278468097,1.5263157894736843,789.0877192982456,-0.04462308877009491,3562.0729016661644,1.8874718493316323,0.00029959722666666664,0.36095417,1.4385964912280702,0.7017543859649122,0.2982456140350877,0.0,0.0,,,,,
12,49152,62,1721.1270772681992,1816.1649657520973,1.5483870967741935,783.5645161290323,-0.03310283867904218,3146.3471276909113,1.8535546152852476,0.00029955694933333333,0.31616306,1.467741935483871,0.6935483870967742,0.3064516129032258,0.0,0.0,,,,,
13,53248,67,1766.1279661593987,1840.6531781228432,1.5223880597014925,784.820895522388,-0.03449066188750294,2809.813038647175,1.844238981604576,0.00029951667199999997,0.35500985,1.4477611940298507,0.7014925373134329,0.29850746268656714,0.0,0.0,,,,,
14,57344,72,1770.4997636482415,1845.5614794215694,1.5,786.5,-0.03436879460605269,2233.8803884088993,1.8281770392786711,0.00029947639466666666,0.47099322,1.4305555555555556,0.7083333333333334,0.2916666666666667,0.0,0.0,,,,,
15,61440,77,1810.9061860494564,1853.7573376697112,1.4675324675324675,789.5324675324675,-0.029140494987586862,1345.64855350554,1.8335980093106627,0.0002994361173333333,0.34524846,1.4025974025974026,0.7272727272727273,0.2727272727272727,0.0,0.0,,,,,
16,65536,82,1856.4510731406574,1878.3817772187247,1.451219512195122,794.8780487804878,-0.02776751816691103,7298.073202811182,1.8023183771874756,0.00029939584,0.20314032,1.3780487804878048,0.7439024390243902,0.25609756097560976,0.0,0.0,,,,,
17,69632,87,1865.010768863476,1892.246540431881,1.4367816091954022,795.7241379310345,-0.03066110240342823,7655.7127813100815,1.8144943588413298,0.00029935556266666663,0.35484248,1.3563218390804597,0.7586206896551724,0.2413793103448276,0.0,0.0,,,,,
18,73728,92,1864.4196221496613,1913.8821400043337,1.4782608695652173,800.1304347826087,-0.0343541573620314,11299.41205355525,1.7793463310226798,0.0002993152853333333,0.44505417,1.391304347826087,0.7391304347826086,0.2608695652173913,0.0,0.0,,,,,
19,77824,97,1868.1653322813715,1922.1053469936664,1.5154639175257731,799.0412371134021,-0.02636424328193243,5939.779566913843,1.7846373822540045,0.00029927500799999996,0.39563918,1.422680412371134,0.7216494845360825,0.27835051546391754,0.0,0.0,,,,,
20,81920,103,1819.9168549984988,1897.469081609045,1.5,796.57,-0.033906225474311213,2328.7749818861485,1.8298796967137605,0.00029923473066666666,0.26887286,1.41,0.72,0.28,0.0,0.0,,,,,
21,86016,109,1797.923324067745,1904.7750000638882,1.51,793.43,-0.03315475978888571,3196.586905479431,1.817870108410716,0.0002991944533333333,0.28117532,1.42,0.71,0.29,0.0,0.0,,,,,
22,90112,115,1756.206157488007,1883.8349787675681,1.52,788.93,-0.036746398893228616,2252.9885452240705,1.855987656628713,0.000299154176,0.43959242,1.43,0.71,0.29,0.0,0.0,,,,,
23,94208,121,1765.98344300842,1874.4520658652182,1.55,781.08,-0.03923055411542009,2456.8578571155667,1.8281641674693674,0.00029911389866666663,0.32396775,1.47,0.69,0.31,0.0,0.0,,,,,
24,98304,127,1776.7685329417634,1904.207802916959,1.55,787.29,-0.03477746937460324,1688.5429778695107,1.833885719301179,0.0002990736213333333,0.5101757,1.47,0.68,0.32,0.0,0.0,,,,,
25,102400,132,1708.5940134110165,1856.468617875795,1.54,775.46,-0.03616310701545444,2425.097107499838,1.8431850264314562,0.00029903334399999996,0.49608576,1.47,0.68,0.32,0.0,0.0,1637.2988835872397,1787.3684897790856,2.05,667.4,0.0
26,106496,138,1709.1475648268347,1855.417211947913,1.51,774.16,-0.026561329645119258,4338.200383961201,1.7952783666551113,0.00029899306666666666,0.4158783,1.44,0.7,0.3,0.0,0.0,,,,,
27,110592,143,1613.1956772761946,1798.4076878907906,1.5,755.55,-0.035091858509986196,918.1353162825108,1.8476891666650772,0.0002989527893333333,0.5120105,1.44,0.7,0.3,0.0,0.0,,,,,
28,114688,148,1621.110380338925,1800.3674841343297,1.48,754.74,-0.0334556626930862,703.7040316984057,1.8510943904984742,0.000298912512,0.60693073,1.43,0.71,0.29,0.0,0.0,,,,,
29,118784,153,1621.8330861147,1815.6715535509256,1.48,758.24,-0.028402136769727804,3950.115328013897,1.7870232213754207,0.0002988722346666666,0.32964295,1.42,0.71,0.29,0.0,0.0,,,,,
30,122880,159,1589.7358308718444,1816.1267752527929,1.49,758.58,-0.032811120354381274,2030.8393805548549,1.8265241377521306,0.0002988319573333333,0.49670357,1.43,0.7,0.3,0.0,0.0,,,,,
31,126976,164,1637.4824128885864,1847.952141369042,1.47,764.46,-0.02834411886487942,3937.588516816497,1.7742359857074916,0.00029879167999999996,0.48331136,1.4,0.72,0.28,0.0,0.0,,,,,
32,131072,169,1585.6202168785865,1831.206379594808,1.48,761.3,-0.03784186536086054,1373.5459088534117,1.8039043019525707,0.00029875140266666665,0.3680387,1.41,0.71,0.29,0.0,0.0,,,,,
33,135168,176,1494.4366248029223,1799.5689986424684,1.54,748.27,-0.0406989134644391,2163.8628799319267,1.7924240676220506,0.0002987111253333333,0.592675,1.47,0.68,0.32,0.0,0.0,,,,,
34,139264,181,1434.7728355811807,1763.083640047768,1.54,737.67,-0.02590959805820603,3210.14133413136,1.778800792293623,0.000298670848,0.21842712,1.48,0.67,0.33,0.0,0.0,,,,,
35,143360,184,1539.7227320412103,1829.382829156504,1.57,755.12,-0.028147597632596444,4357.67485627532,1.6893032919615507,0.0002986305706666666,0.4140867,1.49,0.66,0.34,0.0,0.0,,,,,
36,147456,190,1478.7545228479692,1781.438761481605,1.57,744.93,-0.03915460091593559,1676.859379440546,1.8007524961140007,0.0002985902933333333,0.5381727,1.5,0.65,0.35,0.0,0.0,,,,,
37,151552,195,1560.8919157914777,1806.2047453905468,1.5,749.21,-0.031826462707613246,2756.1570421010256,1.739933580160141,0.00029855001599999996,0.5112467,1.43,0.69,0.31,0.0,0.0,,,,,
38,155648,200,1649.3429810644004,1843.5393308918917,1.5,760.14,-0.025653053994574293,2045.0437612235546,1.7439050013199449,0.00029850973866666665,0.50684166,1.42,0.7,0.3,0.0,0.0,,,,,
39,159744,205,1695.2088646137659,1860.68794231976,1.46,766.69,-0.03939145018466661,1127.5904726684093,1.7732859053649008,0.0002984694613333333,0.37954092,1.38,0.74,0.26,0.0,0.0,,,,,
40,163840,211,1706.6752179042512,1866.4312635038377,1.44,766.54,-0.029387672779193963,1528.2803152799606,1.8260616948828101,0.000298429184,0.4834293,1.36,0.74,0.26,0.0,0.0,,,,,
41,167936,217,1755.460637722085,1895.9490384166118,1.44,768.84,-0.0417434917344508,1187.5343952775002,1.7604093845002353,0.0002983889066666666,0.6301743,1.36,0.74,0.26,0.0,0.0,,,,,
42,172032,221,1803.2604443184214,1940.00080319963,1.43,781.64,-0.030540824571289704,3015.629248932004,1.7294115792028606,0.0002983486293333333,0.4000693,1.34,0.75,0.25,0.0,0.0,,,,,
43,176128,227,1789.5510717719826,1918.0115945478094,1.45,774.06,-0.04072458645350707,1025.952208571136,1.7783314525149763,0.00029830835199999995,0.7227857,1.36,0.74,0.26,0.0,0.0,,,,,
44,180224,234,1745.564557605396,1894.0011270919954,1.44,764.7,-0.03535104277943901,1271.2516613006592,1.819719223305583,0.00029826807466666665,0.65895414,1.36,0.74,0.26,0.0,0.0,,,,,
45,184320,239,1728.1553068969902,1884.1936018116394,1.49,755.51,-0.02661574535068212,4188.6762037575245,1.7336884017568082,0.0002982277973333333,0.48002082,1.41,0.71,0.29,0.0,0.0,,,,,
46,188416,246,1750.4140687061038,1898.6088559872492,1.5,754.32,-0.03585842498614511,1132.3869425058365,1.7809909686911851,0.00029818752,0.6348789,1.41,0.71,0.29,0.0,0.0,,,,,
47,192512,250,1843.4474456849148,1953.1033648959337,1.52,767.33,-0.026223063027828175,2166.6731866449118,1.6854312964715064,0.0002981472426666666,0.5228171,1.42,0.7,0.3,0.0,0.0,,,,,
48,196608,255,1809.3939995417534,1932.1748194324914,1.5,761.96,-0.034914044925244525,1030.6886407062411,1.764434784417972,0.0002981069653333333,0.44884187,1.41,0.71,0.29,0.0,0.0,,,,,
49,200704,260,1871.3914076648382,1962.9625742678754,1.49,769.53,-0.03533646326559392,1270.8313567340374,1.7967729372903705,0.00029806668799999995,0.46247774,1.4,0.72,0.28,0.0,0.0,,,,,
50,204800,266,1809.5673480921614,1922.0807766257744,1.48,755.57,-0.029646611917087284,1134.6974971443415,1.76096375961788,0.00029802641066666664,0.63120747,1.4,0.72,0.28,0.0,0.0,1933.5080527379148,1989.7641158773517,2.1,730.1,0.0
51,208896,273,1814.9301332291573,1935.3660115628018,1.49,757.3,-0.03539566946346895,1901.1218253970146,1.776484378380701,0.0002979861333333333,0.45259666,1.41,0.72,0.28,0.0,0.0,,,,,
52,212992,279,1825.9166542398482,1927.6409556508577,1.45,757.01,-0.02893334103282541,735.2520808055997,1.795660698087886,0.000297945856,0.47390574,1.37,0.74,0.26,0.0,0.0,,,,,
53,217088,284,1782.131679436373,1891.4728139397212,1.41,743.84,-0.029619571899274888,1016.2356215193868,1.8255839576013386,0.0002979055786666666,0.48390543,1.35,0.76,0.24,0.0,0.0,,,,,
54,221184,290,1787.3534928616632,1880.0447473779457,1.37,739.45,-0.031840038418522454,615.970399454236,1.8051220460329205,0.0002978653013333333,0.5542902,1.32,0.78,0.22,0.0,0.0,,,,,
55,225280,296,1710.0617616924794,1833.976836298589,1.4,730.48,-0.030794679702012218,955.2842375859618,1.8152333060279489,0.00029782502399999995,0.60430974,1.36,0.76,0.24,0.0,0.0,,,,,
56,229376,303,1614.7174184756564,1787.6188102761425,1.46,710.99,-0.02929526740081201,2364.289804890752,1.7726575450506061,0.00029778474666666664,0.21292794,1.43,0.72,0.28,0.0,0.0,,,,,
57,233472,309,1648.8509153710647,1778.8356875031882,1.45,709.53,-0.03282976648551994,773.2570687606931,1.8269685360137373,0.00029774446933333333,0.53350484,1.42,0.73,0.27,0.0,0.0,,,,,
58,237568,314,1677.541606361307,1801.835759549907,1.43,715.06,-0.039860735212641885,1178.9685050100088,1.8192024966701865,0.00029770419199999997,0.5626235,1.4,0.74,0.26,0.0,0.0,,,,,
59,241664,318,1725.5437394128237,1829.1874151970487,1.44,718.31,-0.023683801613515243,1997.036074116826,1.7569850943982601,0.00029766391466666667,0.18018746,1.4,0.74,0.26,0.0,0.0,,,,,
60,245760,324,1770.5579558872219,1835.2948922194264,1.42,721.15,-0.02867980113660451,2122.211898699403,1.7079313213471323,0.0002976236373333333,0.34917605,1.38,0.75,0.25,0.0,0.0,,,,,
61,249856,329,1796.5168207774786,1838.2631840825964,1.43,726.88,-0.028339632101051393,655.1251253597438,1.7922933246009052,0.00029758336,0.4678604,1.39,0.75,0.25,0.0,0.0,,,,,
62,253952,334,1855.8857808295445,1877.9971104863425,1.42,738.2,-0.03644741501011595,1742.112554319203,1.7434217017143965,0.00029754308266666664,0.36493266,1.38,0.76,0.24,0.0,0.0,,,,,
63,258048,341,1760.9100496253259,1827.4543697940037,1.38,727.71,-0.03061992724724405,1455.3851563632488,1.7737330948002636,0.00029750280533333333,0.48765558,1.35,0.78,0.22,0.0,0.0,,,,,
64,262144,346,1822.0918401505996,1853.8529568835042,1.41,732.3,-0.028142681766439637,2283.8515287041664,1.7152190937194973,0.00029746252799999997,0.63990283,1.37,0.77,0.23,0.0,0.0,,,,,
65,266240,352,1791.1582032306842,1838.6369361051375,1.41,723.03,-0.029079729047225555,2058.9252120405436,1.7302817152813077,0.00029742225066666666,0.46514457,1.37,0.77,0.23,0.0,0.0,,,,,
66,270336,358,1749.1268422896349,1817.6626629839323,1.41,712.39,-0.029338099524466088,1056.5268341749907,1.8055746180471033,0.0002973819733333333,0.71596617,1.37,0.76,0.24,0.0,0.0,,,,,
67,274432,363,1755.6643022094233,1818.3967404816533,1.42,715.57,-0.03163483272328449,773.449988976121,1.7954958761110902,0.000297341696,0.5153139,1.38,0.75,0.25,0.0,0.0,,,,,
68,278528,368,1852.9152149589822,1862.1678012653356,1.41,728.97,-0.031883731213383726,1732.842989243567,1.7002244819886982,0.00029730141866666663,0.20774072,1.36,0.75,0.25,0.0,0.0,,,,,
69,282624,373,1911.0612215805502,1896.242667103171,1.39,736.97,-0.03245557555601408,1615.9115099310875,1.7312260658945888,0.00029726114133333333,0.477027,1.33,0.77,0.23,0.0,0.0,,,,,
70,286720,376,1948.2295465372927,1924.7071544812754,1.42,746.24,-0.024802271481348726,2493.726148813963,1.7054586706217378,0.00029722086399999997,0.5073037,1.35,0.76,0.24,0.0,0.0,,,,,
71,290816,382,1971.5097252757937,1944.4048894066314,1.43,750.49,-0.033149747887364356,1015.4290134981275,1.7699575112201273,0.00029718058666666666,0.29624856,1.35,0.76,0.24,0.0,0.0,,,,,
72,294912,387,1952.2497355402104,1936.030859406767,1.43,751.84,-0.032490899469848955,998.8460166156292,1.8116688756272197,0.0002971403093333333,0.5331489,1.35,0.76,0.24,0.0,0.0,,,,,
73,299008,394,1990.557463951165,1977.5788596367606,1.46,757.57,-0.028766799035111035,2739.3794085383415,1.7104163370095193,0.000297100032,0.50538516,1.37,0.74,0.26,0.0,0.0,,,,,
74,303104,399,2039.6250458331792,1996.7206299898464,1.41,763.22,-0.03179924047981331,878.0059590861201,1.779951126081869,0.00029705975466666663,0.39763296,1.32,0.77,0.23,0.0,0.0,,,,,
75,307200,404,2032.0340714107194,2005.3571214912592,1.39,764.85,-0.035731257135921624,954.2750454545021,1.7845546659082174,0.0002970194773333333,0.47921783,1.3,0.78,0.22,0.0,0.0,2249.7430956040103,2125.608107927521,2.15,759.4,0.0
76,311296,408,2123.8655205797686,2061.7798564654513,1.4,782.92,-0.031209565647259296,1387.659062385559,1.7307926409412175,0.00029697919999999996,0.42571342,1.3,0.78,0.22,0.0,0.0,,,,,
77,315392,413,2128.714141287969,2057.0434578177824,1.38,784.65,-0.04149054624758719,772.2827385365963,1.8099105544388294,0.00029693892266666666,0.6293531,1.28,0.8,0.2,0.0,0.0,,,,,
78,319488,419,2045.3702885047232,2003.3730021621957,1.38,772.7,-0.035093913964374224,1239.2015034332871,1.7825406999327242,0.0002968986453333333,0.32382995,1.3,0.78,0.22,0.0,0.0,,,,,
79,323584,424,2017.2551453007309,1986.9222307266034,1.37,771.09,-0.03447346773191384,1206.3824654221535,1.796061975415796,0.000296858368,0.52804685,1.29,0.79,0.21,0.0,0.0,,,,,
80,327680,430,1980.6933670747703,1996.5596002407838,1.38,768.5,-0.034249552876644884,1196.7096383795142,1.7823898792266846,0.00029681809066666663,0.585016,1.3,0.78,0.22,0.0,0.0,,,,,
81,331776,435,2005.762559333924,2006.0131088101273,1.38,771.06,-0.026616933375407825,1922.1766804158688,1.7365243716631085,0.0002967778133333333,0.41689545,1.29,0.78,0.22,0.0,0.0,,,,,
82,335872,439,2116.125706501644,2066.0796460995766,1.37,787.97,-0.0259938257477188,1306.959062591195,1.71165318088606,0.00029673753599999996,0.45286345,1.27,0.79,0.21,0.0,0.0,,,,,
83,339968,444,2124.2863094823097,2067.3397341921554,1.32,791.93,-0.034949678411067,689.5392069518566,1.7984699374064803,0.00029669725866666665,0.56902826,1.23,0.82,0.18,0.0,0.0,,,,,
84,344064,448,2191.180811337793,2108.3619042277774,1.33,802.93,-0.02833207360617962,2567.533245384693,1.7109258396085352,0.0002966569813333333,0.2772336,1.24,0.81,0.19,0.0,0.0,,,,,
85,348160,453,2189.429067702092,2098.6743256234395,1.36,803.38,-0.0268304848614207,2654.5790207982063,1.7850645503494889,0.000296616704,0.33452743,1.27,0.8,0.2,0.0,0.0,,,,,
86,352256,459,2214.3524644521067,2114.453313219111,1.42,805.14,-0.02940605855292233,2328.9291222542524,1.7410280550830066,0.0002965764266666666,0.5621379,1.32,0.77,0.23,0.0,0.0,,,,,
87,356352,465,2168.375235016163,2091.408162757654,1.41,801.69,-0.033455426731052285,1601.8135135173798,1.7958909780718386,0.0002965361493333333,0.5559387,1.31,0.78,0.22,0.0,0.0,,,,,
88,360448,471,2057.317192535797,2032.881239199907,1.41,786.39,-0.03411369536843267,1441.3045307546854,1.8031730358488858,0.00029649587199999996,0.58330286,1.33,0.77,0.23,0.0,0.0,,,,,
89,364544,478,1954.1393685290896,1962.3123174394198,1.42,763.38,-0.03472950767900329,1462.6800782829523,1.8069648332893848,0.00029645559466666665,0.45592088,1.36,0.74,0.26,0.0,0.0,,,,,
90,368640,483,1987.9144368459536,1990.750216022198,1.44,773.23,-0.03616511726795579,893.452425301075,1.7955829247366637,0.0002964153173333333,0.5871004,1.38,0.72,0.28,0.0,0.0,,,,,
91,372736,489,1965.8085915611516,1960.1187535837528,1.43,764.94,-0.03470743278558075,806.1380219832063,1.7446848237887025,0.00029637504,0.57844007,1.38,0.72,0.28,0.0,0.0,,,,,
92,376832,495,1954.6916611736056,1956.0696881941983,1.4,763.4,-0.03750799632143753,1282.7827571034431,1.785590048879385,0.0002963347626666666,0.5370083,1.35,0.73,0.27,0.0,0.0,,,,,
93,380928,501,1958.204079152135,1954.6162246785264,1.44,763.87,-0.03154934291160316,1211.7397181391716,1.747416116995737,0.0002962944853333333,0.47579956,1.39,0.71,0.29,0.0,0.0,,,,,
94,385024,505,1929.0488851621328,1948.7462924932856,1.47,760.28,-0.024773774616733135,1610.4273611605167,1.6924786882009357,0.00029625420799999995,0.44110548,1.42,0.68,0.32,0.0,0.0,,,,,
95,389120,510,1906.9642109256988,1944.6720914333794,1.46,762.45,-0.033042319204469095,1148.5465001314878,1.7568944825325161,0.00029621393066666665,0.4506176,1.41,0.69,0.31,0.0,0.0,,,,,
96,393216,517,1837.1840032632413,1923.458983434352,1.49,754.26,-0.03590588908082282,1373.99193046242,1.7751075313426554,0.0002961736533333333,0.48115778,1.44,0.66,0.34,0.0,0.0,,,,,
97,397312,524,1745.7800104172024,1891.0941948575737,1.48,742.49,-0.03384205230850057,1711.0068919211626,1.7898864140734076,0.000296133376,0.52432543,1.43,0.67,0.33,0.0,0.0,,,,,
98,401408,528,1789.6067757519515,1913.862053846038,1.46,750.87,-0.028507137758424506,1821.8176936656237,1.7244835651945323,0.0002960930986666666,0.35245538,1.4,0.69,0.31,0.0,0.0,,,,,
99,405504,533,1834.6865684643612,1928.5315048377076,1.51,752.5,-0.03260012412829383,1783.9800676852465,1.7496516432147473,0.0002960528213333333,0.23413384,1.45,0.65,0.35,0.0,0.0,,,,,
100,409600,539,1748.0425189884782,1872.4381783865717,1.55,736.93,-0.028618636220016924,2360.3636631518602,1.7198832198046148,0.00029601254399999995,0.42301565,1.5,0.62,0.38,0.0,0.0,1295.9952823185608,1691.7332334602138,2.0,641.25,0.0
101,413696,545,1676.846466034175,1850.2914693784915,1.57,730.39,-0.034419267967678024,1382.653239943087,1.745673380792141,0.00029597226666666664,0.30515963,1.52,0.6,0.4,0.0,0.0,,,,,
102,417792,549,1668.9810526214906,1826.6786914243448,1.55,730.08,-0.024638786147988867,1210.2757910117507,1.6662525364663452,0.0002959319893333333,0.49043763,1.5,0.62,0.38,0.0,0.0,,,,,
103,421888,555,1640.4595215365841,1799.7569403661569,1.5,726.03,-0.032940697523372364,1596.7491491287947,1.6966306085232645,0.000295891712,0.31830734,1.46,0.63,0.37,0.0,0.0,,,,,
104,425984,562,1597.8879089082236,1773.8749841702283,1.49,716.81,-0.034339464580625645,1282.2758562117815,1.719485896639526,0.0002958514346666666,0.51692307,1.45,0.63,0.37,0.0,0.0,,,,,
105,430080,567,1632.8388365496444,1810.6005527762445,1.52,726.59,-0.02950418653745146,2708.366893157363,1.6654686394613236,0.0002958111573333333,0.3665707,1.47,0.61,0.39,0.0,0.0,,,,,
106,434176,573,1653.3167717335705,1807.6088564615525,1.51,725.39,-0.027150219472787285,908.520643658936,1.7393830213695765,0.00029577087999999995,0.57670856,1.46,0.61,0.39,0.0,0.0,,,,,
107,438272,577,1717.285330049314,1844.1097259766725,1.49,741.91,-0.03179575907643084,851.7919710725546,1.6792215697932988,0.00029573060266666664,0.712685,1.44,0.62,0.38,0.0,0.0,,,,,
108,442368,581,1770.0916625292482,1870.5839573861058,1.49,747.2,-0.020835252702454454,1698.7104346454144,1.6509893520269543,0.0002956903253333333,0.41347164,1.43,0.63,0.37,0.0,0.0,,,,,
109,446464,586,1846.309807514861,1897.5587586359275,1.53,753.29,-0.02445081951918837,1495.754743695259,1.6687983819283545,0.000295650048,0.40779036,1.46,0.61,0.39,0.0,0.0,,,,,
110,450560,590,1886.615796511869,1935.4801491567885,1.55,763.29,-0.03113052117623738,1253.142110645771,1.664431648561731,0.0002956097706666666,0.66642475,1.47,0.6,0.4,0.0,0.0,,,,,
111,454656,597,1913.8559058547971,1929.1447409737025,1.54,763.67,-0.029329816537938314,1161.1506807431579,1.7374804206192493,0.0002955694933333333,0.27440012,1.46,0.61,0.39,0.0,0.0,,,,,
112,458752,603,1888.427220870598,1923.286450474704,1.51,763.72,-0.032058356946436106,1557.5884420573711,1.7246208388824016,0.000295529216,0.5058177,1.43,0.63,0.37,0.0,0.0,,,,,
113,462848,609,1810.230671167479,1887.3349751167586,1.53,751.87,-0.035145606862897694,1649.3378645554185,1.7260434008203447,0.00029548893866666664,0.48880816,1.46,0.61,0.39,0.0,0.0,,,,,
114,466944,613,1778.0327477765106,1877.0041295921674,1.56,750.43,-0.029559144475570065,1394.8672998920083,1.726760760648176,0.00029544866133333333,0.5817081,1.49,0.59,0.41,0.0,0.0,,,,,
115,471040,617,1935.5616087131566,1961.2300788055966,1.57,773.0,-0.024740863156694104,2440.2476687282324,1.658244759310037,0.00029540838399999997,0.49166816,1.48,0.61,0.39,0.0,0.0,,,,,
116,475136,624,2030.590028080258,2002.8098606569972,1.57,780.59,-0.026103673151737894,1830.7845460921526,1.7187406797893345,0.00029536810666666666,0.73402613,1.47,0.61,0.39,0.0,0.0,,,,,
117,479232,630,1959.6193813155621,1940.0360409985667,1.54,759.44,-0.02508467816915072,808.0327228009701,1.779110428178683,0.0002953278293333333,0.4811288,1.45,0.62,0.38,0.0,0.0,,,,,
118,483328,635,2021.907800912725,1977.648735141731,1.52,767.36,-0.027600046960287727,3609.8030944392085,1.7360844439826906,0.000295287552,0.45531958,1.42,0.64,0.36,0.0,0.0,,,,,
119,487424,641,1998.6843588772492,1967.9966146816912,1.47,768.76,-0.023697793252722477,1193.039840966463,1.7760582738555968,0.00029524727466666664,0.52843297,1.38,0.68,0.32,0.0,0.0,,,,,
120,491520,647,1936.0871346201657,1924.0017612945494,1.49,752.51,-0.03240954676311958,910.3314396291971,1.7355493167415261,0.00029520699733333333,0.65381086,1.41,0.66,0.34,0.0,0.0,,,,,
121,495616,652,1991.8475421797789,1947.5088923501885,1.5,753.56,-0.025085526532166114,1354.5429197102785,1.7256810574326664,0.00029516671999999997,0.54852545,1.41,0.66,0.34,0.0,0.0,,,,,
122,499712,658,2043.4423714561378,1965.6712882508657,1.53,761.84,-0.0265696269880209,1231.1964143961668,1.7034262891393155,0.00029512644266666666,0.51401955,1.44,0.65,0.35,0.0,0.0,,,,,
123,503808,664,2056.070297686655,1963.1476712512451,1.5,758.27,-0.03322315476361837,1436.129160106182,1.7970210681669414,0.0002950861653333333,0.49994868,1.42,0.68,0.32,0.0,0.0,,,,,
124,507904,669,2086.9470401745075,1988.636634500612,1.5,764.46,-0.026251997991494136,1856.3657563477755,1.741857265587896,0.000295045888,0.4688378,1.41,0.69,0.31,0.0,0.0,,,,,
125,512000,674,2076.748464555252,1989.0901121590314,1.5,761.25,-0.03512087637682271,1323.2534309923649,1.8109965841285884,0.00029500561066666663,0.672492,1.41,0.69,0.31,0.0,0.0,2277.8673318049705,2061.923281377748,2.1,756.55,0.0
126,516096,680,2050.924506062277,1956.6206354426572,1.51,745.4,-0.028279436599405017,867.071132414043,1.799033894436434,0.0002949653333333333,0.58345556,1.43,0.67,0.33,0.0,0.0,,,,,
127,520192,685,2026.4479366289668,1956.0333843218905,1.47,743.72,-0.02318685782756802,1398.830061107874,1.7348853962030262,0.00029492505599999997,0.55729926,1.39,0.7,0.3,0.0,0.0,,,,,
128,524288,691,1936.1730207846747,1909.3977825934091,1.48,733.86,-0.03582869714500703,1073.2911194488406,1.7600973949301988,0.00029488477866666666,0.6824039,1.41,0.7,0.3,0.0,0.0,,,,,
129,528384,696,1980.946110386375,1931.4285848400334,1.45,742.57,-0.028745862928190036,592.9492345526814,1.7533214355353266,0.0002948445013333333,0.6852438,1.38,0.72,0.28,0.0,0.0,,,,,
130,532480,702,2016.5847337917453,1942.0436976510941,1.47,743.01,-0.0264486208998278,1974.614306487143,1.7461337626446038,0.000294804224,0.3541723,1.39,0.72,0.28,0.0,0.0,,,,,
131,536576,708,2080.832747988717,1954.7082395584125,1.47,746.7,-0.03538997770829155,933.5716224238276,1.756811999483034,0.00029476394666666663,0.737348,1.39,0.72,0.28,0.0,0.0,,,,,
132,540672,711,2144.2697921292843,1987.4657376908501,1.46,756.51,-0.023973292629307252,1014.3719154074788,1.70798996463418,0.0002947236693333333,0.6246177,1.37,0.73,0.27,0.0,0.0,,,,,
133,544768,715,2166.0243578082213,1992.946021505939,1.47,756.55,-0.02030368958185136,1999.9126042053103,1.6435904554091394,0.00029468339199999996,0.4263643,1.37,0.73,0.27,0.0,0.0,,,,,
134,548864,722,2116.7108546402683,1939.7499576409741,1.43,748.77,-0.03156707290236227,908.7924281731248,1.764507096260786,0.00029464311466666666,0.55441093,1.35,0.75,0.25,0.0,0.0,,,,,
135,552960,729,2094.0814404032003,1944.7351097506014,1.48,749.44,-0.03224502880766522,1379.7855886220932,1.7989102026913315,0.0002946028373333333,0.60903615,1.4,0.72,0.28,0.0,0.0,,,,,
136,557056,734,2018.2846006313694,1913.5002203530612,1.47,742.73,-0.030393857305170968,710.9649515226483,1.7682529201265424,0.00029456256,0.66364163,1.4,0.72,0.28,0.0,0.0,,,,,
137,561152,739,2109.088411019943,1947.6230820551414,1.48,748.94,-0.029404824923403794,1633.0144690424204,1.7651874118018895,0.00029452228266666663,0.5242791,1.4,0.71,0.29,0.0,0.0,,,,,
138,565248,744,2113.810099076771,1958.41361327239,1.5,753.46,-0.030079794545144978,1308.2574338912964,1.7460127724334598,0.0002944820053333333,0.45114714,1.42,0.69,0.31,0.0,0.0,,,,,
139,569344,750,2046.5502081482884,1932.3056093857617,1.49,748.75,-0.030203847934899386,1204.1525339707732,1.739722668658942,0.00029444172799999996,0.49081272,1.42,0.69,0.31,0.0,0.0,,,,,
140,573440,756,1999.820556105759,1920.6287001850528,1.47,745.96,-0.02698592911110609,1223.3840324282646,1.725831493968144,0.00029440145066666665,0.5766617,1.4,0.7,0.3,0.0,0.0,,,,,
141,577536,763,1943.2774977309264,1908.8579327275825,1.48,744.46,-0.03841166939946561,1612.345270499587,1.793915027519688,0.0002943611733333333,0.5787734,1.41,0.69,0.31,0.0,0.0,,,,,
142,581632,767,1941.0950348713443,1903.1979177403614,1.5,746.79,-0.024004213693842757,1305.7494216188788,1.6710003386251628,0.000294320896,0.61452836,1.43,0.68,0.32,0.0,0.0,,,,,
143,585728,770,2046.217441135366,1974.902667551546,1.5,768.06,-0.024149422790287645,2912.92872081697,1.655705604935065,0.0002942806186666666,0.5836644,1.41,0.7,0.3,0.0,0.0,,,,,
144,589824,775,2095.0863817059526,2003.807445597806,1.55,776.48,-0.027149327917868504,1703.9913671463728,1.6893343259580433,0.0002942403413333333,0.53924906,1.45,0.68,0.32,0.0,0.0,,,,,
145,593920,779,2141.081102992304,2037.8955558797063,1.54,788.1,-0.027373370465284097,1457.9536982402205,1.650687066372484,0.00029420006399999996,0.43408465,1.43,0.7,0.3,0.0,0.0,,,,,
146,598016,783,2214.3447133574923,2085.450122320215,1.55,801.24,-0.022125793670056737,1540.7430523261428,1.6753266518935561,0.00029415978666666665,0.6431496,1.42,0.71,0.29,0.0,0.0,,,,,
147,602112,789,2174.7745632930146,2052.9239897197926,1.52,790.19,-0.0376762516098097,750.07141700387,1.7700137845240533,0.0002941195093333333,0.65074587,1.4,0.72,0.28,0.0,0.0,,,,,
148,606208,795,2175.747303986278,2047.7142010676355,1.54,789.46,-0.03188014826810104,1065.129232056439,1.7226555477827787,0.000294079232,0.49670964,1.42,0.7,0.3,0.0,0.0,,,,,
149,610304,800,2151.529058788346,2031.7781291885474,1.52,788.21,-0.036333083638965036,770.1367449834943,1.7509718344081193,0.0002940389546666666,0.7283315,1.41,0.7,0.3,0.0,0.0,,,,,
150,614400,807,2127.694715406551,2026.1750807138328,1.5,783.83,-0.028948381361260545,1157.2424473240972,1.7454120756592602,0.0002939986773333333,0.60960656,1.39,0.71,0.29,0.0,0.0,2066.9355937713176,1891.9593504937607,2.05,702.85,0.0
151,618496,814,1979.9903526005735,1927.824951317228,1.51,750.1,-0.03462133139510115,1251.0486048683524,1.7813084772787988,0.00029395839999999995,0.6648557,1.43,0.68,0.32,0.0,0.0,,,,,
152,622592,818,1974.9866589612475,1938.5893987263346,1.5,756.0,-0.026962001520587364,1172.5344898328185,1.7169131403788924,0.00029391812266666665,0.5536678,1.42,0.69,0.31,0.0,0.0,,,,,
153,626688,823,2005.1420822305984,1958.6053249215108,1.5,768.31,-0.029195423525379738,998.1059622019529,1.750985401449725,0.0002938778453333333,0.62726784,1.42,0.69,0.31,0.0,0.0,,,,,
154,630784,829,2055.7392221600403,1986.2621924903342,1.46,778.35,-0.03083969538420206,858.636431388557,1.7876818785443902,0.000293837568,0.52109134,1.38,0.72,0.28,0.0,0.0,,,,,
155,634880,834,2081.7620628133072,2003.4317163687479,1.49,782.44,-0.023090588196282624,1883.7563420981169,1.7380612625274807,0.0002937972906666666,0.5299988,1.4,0.71,0.29,0.0,0.0,,,,,
156,638976,838,2022.6105950396916,1979.8333475478835,1.5,782.64,-0.024203501146075723,1495.928611651063,1.7180878065992147,0.0002937570133333333,0.33740723,1.42,0.69,0.31,0.0,0.0,,,,,
157,643072,842,2058.959996867708,2015.0087601662246,1.51,793.72,-0.026610782260377164,2395.7258936464787,1.7400643480941653,0.00029371673599999995,0.16632032,1.43,0.7,0.3,0.0,0.0,,,,,
158,647168,847,2152.7692850169333,2059.544059817519,1.51,801.75,-0.02218214241293026,2385.0962568745017,1.695016540121287,0.00029367645866666664,0.2926244,1.41,0.71,0.29,0.0,0.0,,,,,
159,651264,850,2183.0662490264785,2070.628215402093,1.52,806.58,-0.024929080815127236,1385.0410971567035,1.7215678952634335,0.0002936361813333333,0.5602343,1.42,0.7,0.3,0.0,0.0,,,,,
160,655360,855,2292.976726756251,2147.370180970832,1.52,829.48,-0.031019259527965914,1883.9373032301664,1.7663637704681605,0.000293595904,0.3144766,1.41,0.71,0.29,0.0,0.0,,,,,
161,659456,861,2353.4653800568,2160.811617922929,1.56,829.61,-0.027137630449942662,1852.4609268009663,1.7957732887007296,0.0002935556266666666,0.59662294,1.44,0.7,0.3,0.0,0.0,,,,,
162,663552,867,2348.1644997704902,2147.2052496214906,1.51,820.22,-0.032446388839161955,888.2741965726018,1.810115850996226,0.0002935153493333333,0.6353495,1.4,0.72,0.28,0.0,0.0,,,,,
163,667648,873,2229.8631672784245,2076.5852881716214,1.46,800.23,-0.03366588726021291,889.185272321105,1.8007935222703964,0.000293475072,0.7003328,1.37,0.73,0.27,0.0,0.0,,,,,
164,671744,878,2182.0128922734643,2036.599287288644,1.47,786.02,-0.0337413319703046,2062.723834529519,1.6780412467196584,0.00029343479466666664,0.4265117,1.39,0.71,0.29,0.0,0.0,,,,,
165,675840,883,2118.3455687087735,2006.8291449528356,1.46,779.37,-0.031719582612822705,1549.7675950974226,1.7134145675227046,0.00029339451733333333,0.69172454,1.39,0.71,0.29,0.0,0.0,,,,,
166,679936,887,2159.3250677871856,2036.8459862890566,1.48,782.26,-0.028115177003201097,1487.841311916709,1.7381957948673517,0.00029335424,0.59883356,1.4,0.7,0.3,0.0,0.0,,,,,
167,684032,891,2283.7125630991145,2138.3124882165803,1.52,807.23,-0.019066240698521142,5399.4494374245405,1.6297089206054807,0.00029331396266666667,0.39168346,1.41,0.69,0.31,0.0,0.0,,,,,
168,688128,897,2263.090829553606,2137.7201406769045,1.55,805.1,-0.031121271712436283,1752.0547308772802,1.7525640118401498,0.0002932736853333333,0.57517743,1.44,0.68,0.32,0.0,0.0,,,,,
169,692224,901,2317.3617736722167,2174.8453554777284,1.57,814.89,-0.029390081150268088,1111.5757362395525,1.738605806371197,0.000293233408,0.74050534,1.45,0.67,0.33,0.0,0.0,,,,,
170,696320,908,2307.954754900981,2176.021870837125,1.55,813.67,-0.031581288630150084,1239.609893321991,1.7187787925358862,0.00029319313066666664,0.4738648,1.43,0.69,0.31,0.0,0.0,,,,,
171,700416,915,2308.135342217564,2170.7561084336353,1.59,811.87,-0.026887527592407423,1146.2360843792558,1.768958645639941,0.00029315285333333333,0.72497374,1.47,0.68,0.32,0.0,0.0,,,,,
172,704512,920,2329.054410749846,2173.131970177102,1.61,805.34,-0.033354023269566824,1426.192031532526,1.7383340396918356,0.00029311257599999997,0.59285235,1.49,0.67,0.33,0.0,0.0,,,,,
173,708608,924,2373.019526687727,2202.7825016360894,1.61,811.57,-0.026228967644783552,1495.3610725328326,1.7263047224842012,0.00029307229866666666,0.5923443,1.48,0.67,0.33,0.0,0.0,,,,,
174,712704,930,2363.6868508071384,2191.80212131984,1.62,810.28,-0.038872702196385944,565.3882248699665,1.8024322516284883,0.0002930320213333333,0.74768186,1.49,0.66,0.34,0.0,0.0,,,,,
175,716800,935,2376.1769587608737,2201.3878301664604,1.6,812.18,-0.021167786895603058,1791.9807926863432,1.7050261120311916,0.000292991744,0.49759388,1.47,0.67,0.33,0.0,0.0,2628.562311161534,2307.133107121464,2.15,838.1,0.0
176,720896,939,2347.637890525168,2189.8999435672977,1.58,805.94,-0.028267431258427678,1931.164519585669,1.7441853748168796,0.00029295146666666663,0.31117702,1.45,0.69,0.31,0.0,0.0,,,,,
177,724992,943,2438.866290295235,2236.3919792784,1.56,815.19,-0.032172861777326034,1271.0727872103453,1.705022854031995,0.00029291118933333333,0.6336936,1.41,0.71,0.29,0.0,0.0,,,,,
178,729088,949,2327.3560623344183,2178.1315295749023,1.55,802.9,-0.032858486087206984,839.5820141509175,1.7692504900041968,0.00029287091199999997,0.7025142,1.42,0.7,0.3,0.0,0.0,,,,,
179,733184,954,2290.8687116278875,2150.187722703031,1.57,790.51,-0.02959007425852178,1723.1381826922297,1.7252442522440106,0.00029283063466666666,0.5362458,1.44,0.68,0.32,0.0,0.0,,,,,
180,737280,959,2299.7678372113633,2144.464611755435,1.55,791.29,-0.03231320343911648,1126.8443297743797,1.7276760526001453,0.0002927903573333333,0.52681065,1.42,0.68,0.32,0.0,0.0,,,,,
181,741376,962,2328.9307874267433,2177.177686074474,1.54,804.61,-0.025123985049049224,1852.2229967415333,1.6116720200516284,0.00029275008,0.51753163,1.4,0.69,0.31,0.0,0.0,,,,,
182,745472,967,2399.3286866465346,2211.7838942287244,1.55,820.74,-0.028171275188469735,1076.8906477540731,1.7278315997682512,0.00029270980266666663,0.54813355,1.4,0.69,0.31,0.0,0.0,,,,,
183,749568,972,2415.4575528865967,2225.1259239870833,1.58,827.05,-0.02323194041946408,1638.9376105889678,1.6588135084602982,0.0002926695253333333,0.58226156,1.42,0.68,0.32,0.0,0.0,,,,,
184,753664,977,2353.312137288058,2205.8473244997954,1.56,825.55,-0.03248243990128685,1038.5394469946623,1.7359025976620615,0.00029262924799999996,0.6486136,1.41,0.69,0.31,0.0,0.0,,,,,
185,757760,982,2329.7607627606562,2192.415425405956,1.56,824.08,-0.027014233231057005,1128.525399491191,1.7662642020732164,0.00029258897066666666,0.60105,1.42,0.68,0.32,0.0,0.0,,,,,
186,761856,988,2208.4648032720843,2117.3403884037757,1.54,808.71,-0.028008916249746107,1345.961767680943,1.7686608908697963,0.0002925486933333333,0.6160245,1.42,0.69,0.31,0.0,0.0,,,,,
187,765952,994,2163.1308322608897,2076.1417634352065,1.47,802.24,-0.03332616485749895,855.6884795352817,1.771790856262669,0.000292508416,0.67108405,1.37,0.72,0.28,0.0,0.0,,,,,
188,770048,999,2168.1103051364075,2046.1398822258238,1.47,794.32,-0.028237479467861704,1296.3658112734556,1.6866977952886373,0.00029246813866666663,0.47087044,1.37,0.72,0.28,0.0,0.0,,,,,
189,774144,1004,2169.4596679145934,2056.8967781897104,1.48,799.22,-0.033356664769598865,1137.3247073441744,1.7690025363117456,0.0002924278613333333,0.64416087,1.38,0.71,0.29,0.0,0.0,,,,,
190,778240,1009,2261.544500505464,2115.1783403538416,1.52,812.44,-0.023366793398963637,2249.53927539289,1.6671528567094356,0.00029238758399999996,0.6191274,1.4,0.69,0.31,0.0,0.0,,,,,
191,782336,1015,2212.3266769156944,2111.6690848597145,1.47,816.17,-0.03235407179545291,1149.8674463704228,1.7731512144673616,0.00029234730666666665,0.71157956,1.35,0.71,0.29,0.0,0.0,,,,,
192,786432,1021,2144.753030379456,2089.7652237689026,1.45,813.0,-0.029792995953357604,1689.1613580211997,1.7657876771409065,0.0002923070293333333,0.5976411,1.33,0.71,0.29,0.0,0.0,,,,,
193,790528,1024,2216.3512977174914,2110.9382131254333,1.45,817.21,-0.024546785418351647,1893.0005595982075,1.6405035422649235,0.000292266752,0.49832696,1.32,0.72,0.28,0.0,0.0,,,,,
194,794624,1028,2349.4270483731566,2188.5632719150954,1.46,835.28,-0.024597382647698396,1431.5465101599693,1.6514987982809544,0.0002922264746666666,0.7525876,1.31,0.73,0.27,0.0,0.0,,,,,
195,798720,1033,2340.4097383112885,2184.121218550476,1.47,833.45,-0.026148300066779484,937.6390014588833,1.7702194817829877,0.0002921861973333333,0.3808136,1.32,0.72,0.28,0.0,0.0,,,,,
196,802816,1038,2321.398860317435,2168.7290668784813,1.47,831.73,-0.03328518291755245,870.5800883844495,1.7243005845230073,0.00029214591999999996,0.6841233,1.33,0.71,0.29,0.0,0.0,,,,,
197,806912,1043,2240.575607377205,2111.195551359339,1.48,818.91,-0.025099405445871525,1932.5598246753216,1.6646588102448732,0.00029210564266666665,0.6289966,1.35,0.7,0.3,0.0,0.0,,,,,
198,811008,1050,2206.143276239114,2084.766475357942,1.54,808.16,-0.028590311163497972,1448.4611971527338,1.7509509599767625,0.0002920653653333333,0.58767533,1.41,0.66,0.34,0.0,0.0,,,,,
199,815104,1057,2175.6129610841344,2033.8300041458106,1.57,793.93,-0.026836806478968356,1671.2876018881798,1.8024092335253954,0.000292025088,0.47999275,1.46,0.62,0.38,0.0,0.0,,,,,
200,819200,1060,2243.331716788776,2070.1018955073414,1.56,799.39,-0.023995524001293234,1487.8123243674636,1.5808903004508466,0.0002919848106666666,0.61595464,1.44,0.64,0.36,0.0,0.0,2178.911824487565,1985.6986949115083,2.05,735.95,0.0
201,823296,1066,2188.8741755807328,2038.7490673636983,1.55,789.49,-0.029584447547676973,819.862934499979,1.6939610382542014,0.0002919445333333333,0.60896516,1.44,0.64,0.36,0.0,0.0,,,,,
202,827392,1068,2201.1042833697293,2041.1227837441108,1.55,790.42,-0.027450935285742162,1234.762220673263,1.5681067409459502,0.00029190425599999996,0.4489078,1.44,0.64,0.36,0.0,0.0,,,,,
203,831488,1074,2329.2042907366035,2089.8480711362413,1.54,804.65,-0.032935250075752265,533.2212638556957,1.7466154575813562,0.00029186397866666665,0.74562407,1.42,0.65,0.35,0.0,0.0,,,,,
204,835584,1080,2325.287979814433,2077.208012453564,1.53,797.76,-0.03208615503990586,1003.6114529892802,1.7475437310058624,0.0002918237013333333,0.7049976,1.41,0.66,0.34,0.0,0.0,,,,,
205,839680,1084,2381.0845084604894,2112.3773150970237,1.55,806.23,-0.027630186688838876,1560.5961884111166,1.6725332629866898,0.000291783424,0.4249729,1.42,0.65,0.35,0.0,0.0,,,,,
206,843776,1088,2446.366532309211,2149.091310907586,1.55,818.57,-0.019374841745957383,1906.137093797326,1.6511087010148913,0.0002917431466666666,0.42845273,1.41,0.66,0.34,0.0,0.0,,,,,
207,847872,1094,2399.668131421568,2136.7850511789047,1.6,814.03,-0.028793740189939854,1546.5246508866549,1.7502880170941353,0.0002917028693333333,0.5409967,1.46,0.63,0.37,0.0,0.0,,,,,
208,851968,1100,2361.572012296606,2114.4401091342356,1.59,810.02,-0.032423393127828604,951.2792965993285,1.720731739886105,0.00029166259199999995,0.5671004,1.46,0.62,0.38,0.0,0.0,,,,,
209,856064,1104,2442.779834216801,2150.744162839377,1.59,817.91,-0.02873394355083292,1522.2861312702298,1.6307792044244707,0.00029162231466666665,0.6070311,1.45,0.63,0.37,0.0,0.0,,,,,
210,860160,1109,2487.3218282577477,2168.8989078066543,1.6,819.56,-0.015353900408626941,3824.440089389682,1.6221246665809304,0.0002915820373333333,0.6742317,1.46,0.62,0.38,0.0,0.0,,,,,
211,864256,1113,2620.965113064623,2225.2320015314976,1.61,832.18,-0.018517867021728307,1270.688872501254,1.5996748134493828,0.00029154176,0.69781524,1.45,0.63,0.37,0.0,0.0,,,,,
212,868352,1118,2715.2281171243444,2275.887939514966,1.6,844.17,-0.027706294466952386,1491.9579709619284,1.6619914341717958,0.0002915014826666666,0.7725732,1.43,0.64,0.36,0.0,0.0,,,,,
213,872448,1123,2634.5961790952824,2231.289454044488,1.6,833.65,-0.030274713530161534,706.4110290557146,1.7306756011676043,0.0002914612053333333,0.5361047,1.44,0.63,0.37,0.0,0.0,,,,,
214,876544,1128,2535.0971091808924,2178.053719739784,1.61,820.13,-0.024111647707286465,1428.4545572027564,1.692336987471208,0.00029142092799999995,0.49588513,1.47,0.61,0.39,0.0,0.0,,,,,
215,880640,1133,2522.224976017499,2178.3374560025304,1.61,818.82,-0.028057903047738364,893.197221070528,1.7269283952191472,0.00029138065066666664,0.56092834,1.47,0.62,0.38,0.0,0.0,,,,,
216,884736,1138,2570.123321504229,2194.2329595508336,1.62,822.16,-0.025984422070905566,1225.4207562059164,1.672317218966782,0.0002913403733333333,0.52944314,1.47,0.62,0.38,0.0,0.0,,,,,
217,888832,1145,2465.0343000824478,2154.695581029075,1.62,805.63,-0.03664187280992337,1071.14689976722,1.7988182494882494,0.000291300096,0.68242097,1.48,0.61,0.39,0.0,0.0,,,,,
218,892928,1150,2481.843111905999,2183.6925758171988,1.57,818.41,-0.030785910925260396,1143.8719526082277,1.7152151155751199,0.00029125981866666667,0.61262506,1.43,0.64,0.36,0.0,0.0,,,,,
219,897024,1156,2489.1182522607837,2198.9615334867235,1.51,826.48,-0.03342587203860603,1106.140664614737,1.7263181179296225,0.0002912195413333333,0.5186072,1.37,0.69,0.31,0.0,0.0,,,,,
220,901120,1160,2406.738023630791,2167.9413378810486,1.53,823.77,-0.025991857210101443,1241.8427814543247,1.6331100959796458,0.000291179264,0.6041753,1.4,0.67,0.33,0.0,0.0,,,,,
221,905216,1166,2380.629207607353,2166.238194111687,1.54,819.05,-0.029246231733850436,1210.7853371202946,1.7662283738609403,0.00029113898666666664,0.5978029,1.41,0.66,0.34,0.0,0.0,,,,,
222,909312,1171,2232.0862857097122,2087.30511577061,1.54,798.51,-0.02519505131567712,1105.9222998470068,1.6963416335638613,0.00029109870933333333,0.56027603,1.42,0.65,0.35,0.0,0.0,,,,,
223,913408,1176,2294.5419589603935,2127.153232926808,1.54,806.88,-0.02963922753588122,944.4731905907393,1.6797083339188248,0.00029105843199999997,0.6600602,1.41,0.66,0.34,0.0,0.0,,,,,
224,917504,1181,2321.1361180796953,2141.4357703173923,1.56,806.17,-0.0264126846104773,1982.4182938039303,1.6872872880194336,0.00029101815466666667,0.61632067,1.42,0.65,0.35,0.0,0.0,,,,,
225,921600,1187,2220.2628512101473,2069.0263436289924,1.52,787.91,-0.028045887319422036,755.7570145651698,1.7498863572254777,0.0002909778773333333,0.55896974,1.4,0.66,0.34,0.0,0.0,1083.0004928505496,1450.1008509285052,2.0,566.0,0.0
226,925696,1193,2220.9593129975647,2075.048839730862,1.47,791.03,-0.029490032302419422,1181.2148622050881,1.7384614045731723,0.0002909376,0.46766245,1.35,0.69,0.31,0.0,0.0,,,,,
227,929792,1197,2256.464149546359,2094.633628012453,1.47,794.71,-0.02262709252863715,1174.889058150351,1.6446915310807526,0.00029089732266666664,0.5832201,1.34,0.7,0.3,0.0,0.0,,,,,
228,933888,1204,2147.274528258167,2031.1116148423937,1.47,779.1,-0.031027838489535498,1214.5092849358916,1.741835881024599,0.00029085704533333333,0.5905265,1.35,0.69,0.31,0.0,0.0,,,,,
229,937984,1210,1991.5183424755169,1946.5480762476443,1.46,766.33,-0.027919665820263617,956.4558066427708,1.7636104230768979,0.00029081676799999997,0.6902807,1.36,0.69,0.31,0.0,0.0,,,,,
230,942080,1215,1916.6171245780151,1896.806163735984,1.43,759.73,-0.02294958530455915,833.295406639576,1.7194603476673365,0.00029077649066666666,0.6097609,1.35,0.7,0.3,0.0,0.0,,,,,
231,946176,1220,1883.5701571842517,1891.8739239013632,1.46,754.93,-0.03141976194729068,1438.6318256035447,1.7866220432333648,0.0002907362133333333,0.56514955,1.38,0.69,0.31,0.0,0.0,,,,,
232,950272,1224,1958.6650803400055,1942.7526721321533,1.47,769.54,-0.023184793096334033,1394.8753205910325,1.6844593246933073,0.000290695936,0.5647489,1.37,0.7,0.3,0.0,0.0,,,,,
233,954368,1230,1908.666682389361,1890.8970126004497,1.44,762.79,-0.027812911979708588,741.947324231267,1.7623517296742648,0.00029065565866666663,0.6549146,1.35,0.71,0.29,0.0,0.0,,,,,
234,958464,1234,1901.0795337918491,1882.0561881428955,1.45,762.24,-0.030285208053101087,1449.722777955234,1.67643052758649,0.0002906153813333333,0.6664225,1.36,0.7,0.3,0.0,0.0,,,,,
235,962560,1240,1878.7057582273962,1893.3482537892673,1.43,770.99,-0.036173804480313265,1296.6013991087675,1.7505968646146357,0.00029057510399999997,0.4556269,1.34,0.71,0.29,0.0,0.0,,,,,
236,966656,1245,1957.0278424984704,1919.1248176997792,1.45,777.4,-0.024641780197271146,1405.3345883861184,1.698854852700606,0.00029053482666666666,0.6047645,1.35,0.71,0.29,0.0,0.0,,,,,
237,970752,1247,2036.253304967539,1962.9062368892876,1.46,789.82,-0.025865830339171225,1824.9270847141743,1.6344814591575414,0.0002904945493333333,0.61581075,1.35,0.71,0.29,0.0,0.0,,,,,
238,974848,1254,2058.8064960372685,1971.4552032421034,1.47,790.83,-0.02828183872588852,853.227461643517,1.7357962753158063,0.000290454272,0.6071527,1.35,0.71,0.29,0.0,0.0,,,,,
239,978944,1261,1989.4568062283981,1929.9091535725297,1.47,774.5,-0.026373301366220403,1320.2137626707554,1.6648730502929538,0.00029041399466666663,0.6753973,1.35,0.72,0.28,0.0,0.0,,,,,
240,983040,1266,2011.0913339417552,1924.4170500368982,1.48,775.05,-0.02640048034118081,1035.1352232694626,1.7384859572630376,0.0002903737173333333,0.6634041,1.36,0.72,0.28,0.0,0.0,,,,,
241,987136,1272,1958.1368104437709,1916.3461988032823,1.48,773.01,-0.03411723826138768,976.7570251524448,1.7340960160363466,0.00029033343999999996,0.5899962,1.37,0.71,0.29,0.0,0.0,,,,,
242,991232,1277,1947.305042823257,1908.2660554481552,1.49,772.18,-0.026736660162896442,1397.9832257777452,1.7130074047017843,0.00029029316266666666,0.4900837,1.39,0.7,0.3,0.0,0.0,,,,,
243,995328,1282,1914.0753014040135,1880.3697128161768,1.46,770.44,-0.02991229319741251,752.245253674686,1.7248869591858238,0.0002902528853333333,0.5981792,1.37,0.72,0.28,0.0,0.0,,,,,
244,999424,1287,1899.8647255172802,1888.7147305103147,1.46,778.15,-0.03298113285109139,755.1932210102677,1.7403543356340379,0.000290212608,0.7155951,1.37,0.72,0.28,0.0,0.0,,,,,
245,1003520,1293,1903.675177514758,1882.4461375950468,1.47,773.88,-0.03363919757248368,671.8277437090874,1.7476112600415945,0.00029017233066666663,0.7351289,1.38,0.72,0.28,0.0,0.0,,,,,
246,1007616,1298,1822.0912343623725,1836.389863185599,1.47,761.18,-0.02778414457498002,1454.3353134915233,1.6334062432870269,0.0002901320533333333,0.44152832,1.39,0.72,0.28,0.0,0.0,,,,,
247,1011712,1305,1941.0807267553814,1896.7397759902785,1.51,776.04,-0.02828115111333318,1431.9746733158827,1.716856585117057,0.00029009177599999996,0.40136582,1.42,0.71,0.29,0.0,0.0,,,,,
248,1015808,1310,1972.9123667123356,1923.126413410061,1.49,783.51,-0.035334117064849124,729.3834618702531,1.6871193824335933,0.00029005149866666665,0.6149821,1.4,0.72,0.28,0.0,0.0,,,,,
249,1019904,1316,1930.1210133114143,1909.8189137109564,1.5,773.67,-0.026482518353077467,1763.9207465723157,1.6570117445662618,0.0002900112213333333,0.4639958,1.41,0.71,0.29,0.0,0.0,,,,,
250,1024000,1320,2018.4304442755945,1947.287689162959,1.49,785.25,-0.02310525707434863,1346.5122008025646,1.6520112485159189,0.000289970944,0.19292742,1.39,0.72,0.28,0.0,0.0,1774.810545121846,1755.9968691877598,2.05,701.95,0.0
251,1028096,1324,1978.6369735325256,1915.1343800702805,1.49,777.2,-0.028772842758371553,1152.314765535295,1.6607275980059057,0.0002899306666666666,0.47512,1.41,0.7,0.3,0.0,0.0,,,,,
252,1032192,1330,1949.7330945685305,1921.2470313552556,1.52,776.12,-0.02960151029037661,1000.0164501369,1.7140811788849533,0.0002898903893333333,0.6937958,1.44,0.68,0.32,0.0,0.0,,,,,
253,1036288,1336,1891.7359122703742,1885.5049096145074,1.5,764.43,-0.026707784443715354,1244.130100429058,1.7589184469543397,0.00028985011199999996,0.4979068,1.43,0.69,0.31,0.0,0.0,,,,,
254,1040384,1342,1898.5177696584622,1878.6830147357562,1.52,762.57,-0.03232240029865352,991.8156800791621,1.6810634834691882,0.00028980983466666665,0.3559271,1.45,0.67,0.33,0.0,0.0,,,,,
255,1044480,1348,1701.23168020918,1763.3043148302966,1.52,731.11,-0.032860906519999844,1207.0739933028817,1.7637472187634557,0.0002897695573333333,0.5233484,1.48,0.66,0.34,0.0,0.0,,,,,
256,1048576,1354,1787.1246586998645,1810.7617121281166,1.55,739.28,-0.022820003227025154,1905.8469324484468,1.715306571451947,0.00028972928,0.6012075,1.5,0.65,0.35,0.0,0.0,,,,,
257,1052672,1359,1819.7114691382192,1817.2474382448531,1.52,745.74,-0.02486615466841613,890.0567844882607,1.6801749065052718,0.0002896890026666666,0.5853169,1.48,0.66,0.34,0.0,0.0,,,,,
258,1056768,1363,1830.2667073433581,1837.011170297248,1.5,754.11,-0.03006724270653649,957.9935135170817,1.7276425978634506,0.0002896487253333333,0.6374324,1.46,0.66,0.34,0.0,0.0,,,,,
259,1060864,1370,1765.0073285826,1805.7332884787327,1.52,748.44,-0.032394882811786374,1334.4980908557773,1.752023535547778,0.00028960844799999995,0.5416415,1.48,0.66,0.34,0.0,0.0,,,,,
260,1064960,1376,1755.1564226770697,1792.5092326926658,1.52,742.24,-0.03371387451988994,1258.2521530911326,1.7779750579502434,0.00028956817066666665,0.5719315,1.48,0.66,0.34,0.0,0.0,,,,,
261,1069056,1381,1779.8953738695536,1805.1965245465774,1.56,747.07,-0.02624637647659256,1592.4644600898027,1.7276671139989048,0.0002895278933333333,0.5150049,1.51,0.64,0.36,0.0,0.0,,,,,
262,1073152,1386,1852.066375913222,1820.4398769745146,1.58,749.29,-0.0286875255724226,759.1254443302751,1.7731513290200382,0.000289487616,0.6005334,1.53,0.63,0.37,0.0,0.0,,,,,
263,1077248,1392,1821.023925451276,1821.7637310862237,1.58,748.58,-0.03510916153481958,866.5814854353666,1.770674599101767,0.0002894473386666666,0.69521147,1.53,0.62,0.38,0.0,0.0,,,,,
264,1081344,1397,1849.2469382379747,1849.122221389437,1.57,757.77,-0.030462556526799744,820.9890855178237,1.769599474966526,0.0002894070613333333,0.5807127,1.52,0.62,0.38,0.0,0.0,,,,,
265,1085440,1403,1849.310995838338,1845.1066393541116,1.55,756.84,-0.02608338122263376,1248.097494468093,1.7257462604902685,0.00028936678399999995,0.5973195,1.5,0.63,0.37,0.0,0.0,,,,,
266,1089536,1409,1852.0156522677637,1831.748638881561,1.54,748.31,-0.027744838790567883,1054.3275753036141,1.7867206947412342,0.00028932650666666664,0.6280296,1.49,0.64,0.36,0.0,0.0,,,,,
267,1093632,1415,1790.9954771238104,1803.3028793154697,1.53,741.92,-0.03197027107307804,1249.4240242168307,1.765741926850751,0.0002892862293333333,0.49301386,1.49,0.64,0.36,0.0,0.0,,,,,
268,1097728,1420,1721.4898037051535,1767.1191002127732,1.54,731.74,-0.03319448033107619,736.1564726233482,1.7523896489292383,0.000289245952,0.6467927,1.51,0.62,0.38,0.0,0.0,,,,,
269,1101824,1424,1783.5464497670964,1793.5931038285469,1.54,737.93,-0.019017419551346393,1909.8529326170683,1.7035133703611791,0.00028920567466666667,0.46999782,1.5,0.63,0.37,0.0,0.0,,,,,
270,1105920,1428,1875.487171971754,1830.7891744400717,1.53,744.95,-0.019803555769613013,3832.667452290654,1.6639690950978547,0.0002891653973333333,0.4823408,1.48,0.64,0.36,0.0,0.0,,,,,
271,1110016,1431,2033.8542421688126,1916.8425113480362,1.55,770.52,-0.02375730283529265,1980.7804067879915,1.6557392363902181,0.00028912511999999995,0.39731175,1.48,0.64,0.36,0.0,0.0,,,,,
272,1114112,1436,2056.6673277609707,1925.8020150101843,1.53,772.65,-0.03653390415092872,1017.1861032396555,1.7731512049213052,0.00028908484266666664,0.54251087,1.46,0.65,0.35,0.0,0.0,,,,,
273,1118208,1439,2107.574704214222,1980.478952554336,1.55,782.72,-0.020316153671956272,2473.868537247181,1.6241051079705358,0.00028904456533333333,0.60774124,1.46,0.65,0.35,0.0,0.0,,,,,
274,1122304,1443,2277.6781236889756,2085.4714062108933,1.54,812.9,-0.022550264071469428,1780.834965839982,1.6605298081412911,0.000289004288,0.6844483,1.42,0.68,0.32,0.0,0.0,,,,,
275,1126400,1448,2356.0369146273397,2117.913750031926,1.5,820.48,-0.02941911984271428,1239.1649916023016,1.737881209468469,0.00028896401066666667,0.14085436,1.38,0.7,0.3,0.0,0.0,2307.373712545558,2347.4259650222643,2.2,757.6,0.0
276,1130496,1452,2417.0347811318843,2145.678418133666,1.5,825.26,-0.020720096885270323,1996.8159597963095,1.5991324635688215,0.0002889237333333333,0.64372957,1.37,0.71,0.29,0.0,0.0,,,,,
277,1134592,1459,2418.539644448602,2154.2597429335287,1.54,821.07,-0.03478176682074263,1181.1576538085938,1.732868306338787,0.000288883456,0.6801603,1.4,0.7,0.3,0.0,0.0,,,,,
278,1138688,1465,2394.2341983207803,2140.1689420646408,1.53,811.51,-0.026786002121298225,1376.1092201322317,1.7203138067852706,0.00028884317866666664,0.47308677,1.39,0.71,0.29,0.0,0.0,,,,,
279,1142784,1470,2500.7318941172207,2195.8939403809477,1.53,824.21,-0.02998199954163283,1392.53510286659,1.6797672528773546,0.00028880290133333333,0.63537467,1.38,0.71,0.29,0.0,0.0,,,,,
280,1146880,1474,2579.884113148051,2221.935394873853,1.52,832.96,-0.02472564795789367,915.6780456677079,1.682436506031081,0.00028876262399999997,0.62491715,1.36,0.73,0.27,0.0,0.0,,,,,
281,1150976,1480,2570.5905673514367,2234.560775110633,1.52,822.26,-0.02089658039585629,8005.06053045392,1.6841353755444288,0.00028872234666666666,0.5781213,1.36,0.73,0.27,0.0,0.0,,,,,
282,1155072,1484,2578.5717734781933,2247.1011956970974,1.49,827.85,-0.021795089855004335,1752.537855565548,1.6674963205587119,0.0002886820693333333,-0.019578815,1.33,0.75,0.25,0.0,0.0,,,,,
283,1159168,1489,2748.3270970225135,2342.9212101868175,1.53,839.45,-0.02629684095882112,1937.9302860200405,1.618658646242693,0.000288641792,0.7404661,1.34,0.74,0.26,0.0,0.0,,,,,
284,1163264,1495,2741.972680768765,2329.747507565986,1.54,830.41,-0.02967189140326809,1161.5042857378721,1.7089480485301465,0.00028860151466666664,0.70553505,1.35,0.74,0.26,0.0,0.0,,,,,
285,1167360,1501,2707.3752188599406,2333.5385189626563,1.55,829.33,-0.022657719329799875,1445.0305444002151,1.653171201935038,0.00028856123733333333,0.7525198,1.36,0.74,0.26,0.0,0.0,,,,,
286,1171456,1505,2880.260145647613,2420.7446450432,1.59,846.87,-0.022028236844562343,2338.192098841071,1.582774406298995,0.00028852095999999997,0.64333725,1.38,0.73,0.27,0.0,0.0,,,,,
287,1175552,1510,2890.2339863149473,2440.121815493334,1.58,852.29,-0.02752158167095331,871.6275914311409,1.6727750857826322,0.00028848068266666666,0.69327366,1.37,0.74,0.26,0.0,0.0,,,,,
288,1179648,1515,2879.194496308684,2433.416478624955,1.58,851.8,-0.026465918868780136,1378.12269295007,1.6404464410152286,0.0002884404053333333,0.69637233,1.37,0.74,0.26,0.0,0.0,,,,,
289,1183744,1520,2924.1625218618965,2471.2618645038124,1.61,861.2,-0.02561199390947877,1384.6294877901673,1.6926023587584496,0.000288400128,0.63673747,1.39,0.73,0.27,0.0,0.0,,,,,
290,1187840,1524,2912.5312777863164,2470.7070136530615,1.6,861.57,-0.021213013854321616,1060.0122496634722,1.6421608491800725,0.00028835985066666663,0.7485038,1.38,0.74,0.26,0.0,0.0,,,,,
291,1191936,1529,2808.3836295098386,2417.124056120304,1.59,842.29,-0.027376631971492316,1511.2417299970984,1.7347140612546355,0.0002883195733333333,0.74940693,1.38,0.74,0.26,0.0,0.0,,,,,
292,1196032,1533,2850.322730948535,2439.3244041379767,1.58,845.43,-0.024375062084800447,1696.8264175057411,1.5642042451072484,0.00028827929599999996,0.65424067,1.36,0.76,0.24,0.0,0.0,,,,,
293,1200128,1538,2844.5789097404067,2424.662243904353,1.58,839.74,-0.02059830794860318,1789.2149525657296,1.609269523061812,0.00028823901866666666,0.20054674,1.37,0.75,0.25,0.0,0.0,,,,,
294,1204224,1543,2726.1724696363262,2344.969701235153,1.54,815.17,-0.028879305476948502,742.7195577174425,1.6960457016248256,0.0002881987413333333,0.5997875,1.36,0.76,0.24,0.0,0.0,,,,,
295,1208320,1547,2822.689223340451,2404.1069639911266,1.57,828.07,-0.018041414860817895,3397.289168894291,1.6030749140772969,0.000288158464,0.53875494,1.37,0.75,0.25,0.0,0.0,,,,,
296,1212416,1552,2776.179025924719,2376.81963405681,1.57,822.89,-0.021350856182834832,3234.0424066632986,1.6414106250740588,0.00028811818666666663,0.6425292,1.38,0.73,0.27,0.0,0.0,,,,,
297,1216512,1557,2812.6581761576717,2403.9752760872166,1.54,829.29,-0.02107282559336454,1982.5584182739258,1.6202619078103453,0.0002880779093333333,0.6022361,1.34,0.75,0.25,0.0,0.0,,,,,
298,1220608,1562,2906.110663207238,2444.021439796484,1.55,836.14,-0.02670021144695056,2007.5586811229587,1.6419484296347946,0.00028803763199999996,0.5383296,1.34,0.74,0.26,0.0,0.0,,,,,
299,1224704,1567,2961.1006144389703,2478.0373046870764,1.55,843.95,-0.028053257570718415,1335.7190379276872,1.6665278479922563,0.00028799735466666666,0.68937397,1.33,0.75,0.25,0.0,0.0,,,,,
300,1228800,1572,2926.228077703198,2457.908186409384,1.56,835.13,-0.028963772569113644,1368.8382992446423,1.6873788530938327,0.0002879570773333333,0.69698703,1.36,0.73,0.27,0.0,0.0,3296.5318087109713,2809.067332913438,2.3,818.25,0.0
301,1232896,1578,2912.903332350599,2455.797708704739,1.54,834.56,-0.020957383901077264,1274.452229961753,1.6440925083588809,0.0002879168,0.7188089,1.34,0.74,0.26,0.0,0.0,,,,,
302,1236992,1582,3021.4519726079243,2514.009602977185,1.58,842.41,-0.021808074878208572,1812.7419496774673,1.53187539963983,0.0002878765226666666,0.644452,1.36,0.73,0.27,0.0,0.0,,,,,
303,1241088,1587,3004.0800974807325,2498.892474078016,1.6,836.08,-0.02343599343475944,1108.5038946792483,1.5001282792072743,0.0002878362453333333,0.82522416,1.38,0.71,0.29,0.0,0.0,,,,,
304,1245184,1592,3041.576114096669,2523.273924933286,1.6,841.56,-0.024245860609880765,1092.348426565528,1.4878777449484915,0.00028779596799999996,0.7935355,1.37,0.72,0.28,0.0,0.0,,,,,
305,1249280,1596,3179.967770755927,2594.3112280761598,1.62,856.41,-0.019635314583865693,2093.2257288247347,1.5273893421981484,0.00028775569066666665,0.6715696,1.37,0.72,0.28,0.0,0.0,,,,,
306,1253376,1600,3247.7423795536038,2635.075724462563,1.63,864.73,-0.023819034424377605,1847.7366428375244,1.5603635017760098,0.0002877154133333333,0.682589,1.37,0.71,0.29,0.0,0.0,,,,,
307,1257472,1606,3161.5258253479365,2581.578165554938,1.59,853.03,-0.02960939657441486,679.3110757693648,1.6253043035976589,0.000287675136,0.8084396,1.35,0.72,0.28,0.0,0.0,,,,,
308,1261568,1611,3245.1223818458398,2603.270484387088,1.63,853.31,-0.02874690929093049,708.7383961901069,1.590301940916106,0.0002876348586666666,0.8210977,1.38,0.69,0.31,0.0,0.0,,,,,
309,1265664,1614,3365.5243918009223,2653.3541205460347,1.65,857.75,-0.014513999374685227,4713.743569672108,1.4622861491516232,0.0002875945813333333,0.5603112,1.38,0.69,0.31,0.0,0.0,,,,,
310,1269760,1619,3521.11322446423,2735.5760817928985,1.64,868.16,-0.02420782188164594,1161.0740961134434,1.6508592246100307,0.00028755430399999996,0.7259368,1.35,0.71,0.29,0.0,0.0,,,,,
311,1273856,1622,3559.0994876743366,2764.509921548173,1.66,875.44,-0.022018536431460234,1409.5310224741697,1.5985332203563303,0.00028751402666666665,0.6108948,1.37,0.69,0.31,0.0,0.0,,,,,
312,1277952,1627,3608.0408811631696,2768.728843323439,1.66,874.83,-0.02829426574498939,914.2487752139568,1.639255220303312,0.0002874737493333333,0.77710545,1.37,0.69,0.31,0.0,0.0,,,,,
313,1282048,1633,3517.9285478219476,2718.5907908735967,1.68,860.65,-0.02861370541359065,1137.0449368059635,1.6616673967801034,0.000287433472,0.64565146,1.41,0.66,0.34,0.0,0.0,,,,,
314,1286144,1637,3520.0736786580096,2718.692635282891,1.68,862.0,-0.02069567182843457,1442.561272189021,1.6077314503490925,0.0002873931946666666,0.704879,1.4,0.67,0.33,0.0,0.0,,,,,
315,1290240,1641,3597.5910841088603,2777.83910367326,1.71,874.05,-0.021104051066231477,5600.560898840427,1.6552612178493291,0.0002873529173333333,0.4914652,1.41,0.66,0.34,0.0,0.0,,,,,
316,1294336,1646,3577.5639464636897,2765.2413526689547,1.73,865.35,-0.022706971918523777,1778.170782878995,1.586732771480456,0.00028731263999999995,0.67887163,1.43,0.65,0.35,0.0,0.0,,,,,
317,1298432,1650,3569.033649535186,2766.835764014835,1.69,870.34,-0.026668618811527267,1097.3174490183592,1.5738411364145577,0.00028727236266666665,0.8058052,1.39,0.69,0.31,0.0,0.0,,,,,
318,1302528,1655,3552.1900701569202,2746.149192066026,1.7,866.4,-0.026358875547884963,836.7735073938966,1.6307929067406803,0.0002872320853333333,0.72751266,1.41,0.68,0.32,0.0,0.0,,,,,
319,1306624,1660,3562.479696687369,2759.352408037712,1.7,868.61,-0.03176222781985416,1138.3621209859848,1.6645168014802039,0.000287191808,0.8174829,1.41,0.68,0.32,0.0,0.0,,,,,
320,1310720,1664,3696.5465205767273,2830.7143771331384,1.7,887.04,-0.022971302478254074,1313.2823308706284,1.5859285918995738,0.0002871515306666666,0.73829615,1.39,0.7,0.3,0.0,0.0,,,,,
321,1314816,1667,3771.426679808493,2862.1091292835936,1.71,896.79,-0.02518943565155496,1357.03303951025,1.5915818351786584,0.0002871112533333333,0.568974,1.39,0.7,0.3,0.0,0.0,,,,,
322,1318912,1672,3888.6203620939773,2915.8145335747595,1.75,903.49,-0.021579136942818877,2541.6061249673367,1.625411028508097,0.00028707097599999995,0.6764988,1.41,0.69,0.31,0.0,0.0,,,,,
323,1323008,1679,3815.802034264306,2881.5033451007885,1.79,892.35,-0.02485533539129392,1654.5617405176163,1.6390899659600109,0.00028703069866666664,0.7402216,1.46,0.67,0.33,0.0,0.0,,,,,
324,1327104,1683,3752.615753354303,2834.843811922667,1.77,886.61,-0.025659398042080284,1162.7175865471363,1.6205801628530025,0.00028699042133333334,0.8286195,1.46,0.67,0.33,0.0,0.0,,,,,
325,1331200,1687,3876.333296101135,2904.9759724676783,1.77,902.73,-0.0217645205275403,2472.9188826084137,1.605416715843603,0.000286950144,0.4543891,1.45,0.68,0.32,0.0,0.0,3453.0153544160576,2659.908409445205,2.2,765.45,0.0
326,1335296,1691,3890.763047821836,2905.1289907512714,1.78,900.05,-0.0195154573821128,4905.344104632735,1.6129562344867736,0.0002869098666666666,0.42149758,1.46,0.67,0.33,0.0,0.0,,,,,
327,1339392,1695,3900.5978008211764,2934.8710482453293,1.8,899.06,-0.015205829091428313,9661.59375038743,1.6430187977384776,0.0002868695893333333,0.24726278,1.49,0.65,0.35,0.0,0.0,,,,,
328,1343488,1699,4073.755348973962,3019.8566049312485,1.78,919.68,-0.01995493048980279,1247.820779711008,1.6286592734977603,0.000286829312,0.76489985,1.45,0.68,0.32,0.0,0.0,,,,,
329,1347584,1704,4016.0526006124537,2994.646598389187,1.79,912.34,-0.024526257011530106,2079.1557919234037,1.6309621336404234,0.00028678903466666664,0.7456943,1.46,0.68,0.32,0.0,0.0,,,,,
330,1351680,1710,3918.717187431498,2974.7324395283,1.81,910.38,-0.02749247401334287,2302.2594994455576,1.6491696028970182,0.00028674875733333333,0.7393063,1.48,0.68,0.32,0.0,0.0,,,,,
331,1355776,1716,3637.783034704453,2833.4280844232394,1.79,883.43,-0.023884401096438523,1752.0709777623415,1.6569274691864848,0.00028670847999999997,0.7262298,1.5,0.67,0.33,0.0,0.0,,,,,
332,1359872,1722,3570.322475141991,2781.4213881031737,1.79,867.91,-0.026268912273735623,1418.6346574127674,1.5840970657300204,0.00028666820266666667,0.75328565,1.5,0.68,0.32,0.0,0.0,,,,,
333,1363968,1725,3581.041502178607,2802.397280437368,1.79,874.4,-0.03147235215510591,1067.0276654958725,1.559562268666923,0.0002866279253333333,0.8443573,1.49,0.69,0.31,0.0,0.0,,,,,
334,1368064,1730,3638.0049419253937,2846.8082491752957,1.81,874.89,-0.01716704820137238,15379.820686623454,1.5817635734565556,0.000286587648,0.66821724,1.49,0.7,0.3,0.0,0.0,,,,,
335,1372160,1735,3665.294204022282,2882.9480938789907,1.82,879.47,-0.022773349123781372,2399.3714254945517,1.5902531316969544,0.00028654737066666664,0.7187515,1.49,0.69,0.31,0.0,0.0,,,,,
336,1376256,1739,3687.1419700939864,2878.4104640576556,1.83,870.24,-0.02611930422972364,1145.7828515768051,1.5491421313490719,0.00028650709333333333,0.8114553,1.51,0.67,0.33,0.0,0.0,,,,,
337,1380352,1744,3754.782807916211,2917.863118886147,1.84,881.58,-0.02573851340184774,831.3542311489582,1.5620825253427029,0.00028646681599999997,0.8438517,1.5,0.68,0.32,0.0,0.0,,,,,
338,1384448,1749,3729.4128956548893,2896.339100908218,1.83,874.3,-0.01644713399673492,2244.3888532072306,1.552075158804655,0.00028642653866666666,0.8212083,1.49,0.68,0.32,0.0,0.0,,,,,
339,1388544,1753,3756.741334913099,2943.518616012886,1.86,881.04,-0.025041349080311193,2319.5286260694265,1.6243728625122458,0.0002863862613333333,0.6843877,1.51,0.66,0.34,0.0,0.0,,,,,
340,1392640,1756,3826.992563625074,2984.4683219061326,1.87,887.43,-0.02274670305178006,2182.166297838092,1.5265792082063854,0.000286345984,0.7961058,1.5,0.66,0.34,0.0,0.0,,,,,
341,1396736,1761,3861.4692401134125,3001.124090207861,1.91,887.25,-0.022383372919648536,1813.456535845995,1.6146805251482874,0.00028630570666666663,0.7743428,1.53,0.65,0.35,0.0,0.0,,,,,
342,1400832,1766,3794.9050783923785,2983.5217332733346,1.93,882.5,-0.02799645129016426,1548.3366420716047,1.5859963388647884,0.00028626542933333333,0.7794833,1.56,0.63,0.37,0.0,0.0,,,,,
343,1404928,1772,3561.785138956151,2873.896392199654,1.86,864.01,-0.02813181844794599,1305.1762733235955,1.7099160007201135,0.00028622515199999997,0.53194034,1.52,0.66,0.34,0.0,0.0,,,,,
344,1409024,1776,3590.868698654505,2890.8046979729247,1.84,874.12,-0.02869580114929704,1562.1440521031618,1.5909379366785288,0.00028618487466666666,0.58983356,1.49,0.67,0.33,0.0,0.0,,,,,
345,1413120,1778,3706.265673671316,2957.0285066473543,1.82,892.06,-0.018364504023338668,2335.071518227458,1.5223663907963783,0.0002861445973333333,0.7593917,1.45,0.69,0.31,0.0,0.0,,,,,
346,1417216,1784,3706.9754630427137,2966.72584237441,1.82,888.58,-0.023252758426679065,1668.8241107910872,1.6503821366932243,0.00028610432,0.7349181,1.45,0.69,0.31,0.0,0.0,,,,,
347,1421312,1789,3568.2274085391355,2915.65288564938,1.82,876.9,-0.02262859107759141,1772.1624757051468,1.6821528032887727,0.00028606404266666663,0.6438421,1.46,0.69,0.31,0.0,0.0,,,,,
348,1425408,1794,3519.9495166831384,2873.2799760099933,1.76,875.02,-0.02832850140384835,1205.4317628070712,1.575278698001057,0.0002860237653333333,0.7782873,1.4,0.73,0.27,0.0,0.0,,,,,
349,1429504,1801,3282.8776223113437,2743.211195902916,1.76,843.44,-0.03105653197872016,745.9335490167141,1.758628830080852,0.00028598348799999996,0.6379652,1.43,0.71,0.29,0.0,0.0,,,,,
350,1433600,1807,3227.439333032443,2689.6709672785764,1.71,835.15,-0.02205557376237266,1610.951375335455,1.6393237547017634,0.00028594321066666666,0.3699445,1.4,0.72,0.28,0.0,0.0,2209.046136605699,2125.7854429961735,2.15,607.0,0.0
351,1437696,1812,3388.30068197835,2777.3128195754234,1.71,849.35,-0.014565811119609862,3008.3896468877792,1.621473740786314,0.0002859029333333333,0.42347258,1.39,0.71,0.29,0.0,0.0,,,,,
352,1441792,1816,3480.5869848483753,2818.477611661778,1.7,862.76,-0.027858065677719424,1167.8513167276978,1.682703877100721,0.000285862656,0.6028685,1.37,0.73,0.27,0.0,0.0,,,,,
353,1445888,1821,3454.948204018914,2811.7771257897075,1.68,860.71,-0.026328571682824986,1394.4896604269743,1.617684531956911,0.00028582237866666663,0.67444396,1.36,0.73,0.27,0.0,0.0,,,,,
354,1449984,1825,3544.890825309104,2848.8481635018047,1.7,864.07,-0.014494050753455667,3888.9381486475468,1.4997967893723398,0.0002857821013333333,0.55026054,1.38,0.71,0.29,0.0,0.0,,,,,
355,1454080,1831,3379.1462127665345,2770.2828291460437,1.68,855.33,-0.02782048320841568,939.6287726387382,1.6420540581457317,0.00028574182399999996,0.7843689,1.38,0.7,0.3,0.0,0.0,,,,,
356,1458176,1835,3445.1795522309094,2800.3382794522504,1.66,865.37,-0.021604448249490815,1036.682330392301,1.61910843080841,0.00028570154666666665,0.7830904,1.36,0.72,0.28,0.0,0.0,,,,,
357,1462272,1841,3320.884469395854,2744.38007011095,1.69,853.27,-0.01923260947023664,3226.8837312608957,1.595886039081961,0.0002856612693333333,0.63645643,1.41,0.69,0.31,0.0,0.0,,,,,
358,1466368,1845,3250.167299812383,2718.714723959461,1.7,850.62,-0.02248289522685809,1688.6683136075735,1.6296466714702547,0.000285620992,0.67835367,1.44,0.66,0.34,0.0,0.0,,,,,
359,1470464,1849,3272.488401071653,2738.835751528174,1.71,858.46,-0.024937208401752287,1706.9616564363241,1.4846053910441697,0.0002855807146666666,0.7397932,1.45,0.66,0.34,0.0,0.0,,,,,
360,1474560,1854,3262.073315902827,2715.1517262208654,1.71,848.44,-0.025176228909913334,1282.524692133069,1.5222781321499497,0.0002855404373333333,0.83652514,1.46,0.66,0.34,0.0,0.0,,,,,
361,1478656,1859,3062.4731506427506,2615.116451707954,1.7,828.55,-0.028720248049467045,1340.6616759449244,1.4575464811641723,0.00028550015999999996,0.78049785,1.47,0.65,0.35,0.0,0.0,,,,,
362,1482752,1865,3079.680474919366,2598.861361145634,1.66,823.14,-0.026733080900157802,1073.8447241038084,1.5882302063982934,0.00028545988266666665,0.70850223,1.43,0.67,0.33,0.0,0.0,,,,,
363,1486848,1871,3128.790414354263,2622.7628508189982,1.69,824.83,-0.03078920675579866,1536.1081712692976,1.5632498252671212,0.0002854196053333333,0.45799828,1.46,0.65,0.35,0.0,0.0,,,,,
364,1490944,1874,3213.407450900367,2651.0359614072763,1.69,832.94,-0.025746596431417856,1141.5505627021194,1.4768619986716658,0.000285379328,0.7936904,1.45,0.66,0.34,0.0,0.0,,,,,
365,1495040,1878,3254.7025797342717,2657.5949554256426,1.7,830.8,-0.017320027328423748,1089.1434511765838,1.4162806468084455,0.0002853390506666666,0.77475613,1.45,0.66,0.34,0.0,0.0,,,,,
366,1499136,1884,3153.7867341372344,2583.62668805892,1.68,820.76,-0.028537825754028745,984.5769337639213,1.5584330258425325,0.0002852987733333333,0.807322,1.44,0.67,0.33,0.0,0.0,,,,,
367,1503232,1888,3212.614104366254,2619.4835064999593,1.68,826.79,-0.023229615437230677,1780.3786331564188,1.5963984178379178,0.00028525849599999995,0.5830529,1.44,0.67,0.33,0.0,0.0,,,,,
368,1507328,1894,3125.1236495834346,2570.0098396051053,1.67,816.98,-0.02026619336902513,1601.1370186805725,1.540087436325848,0.00028521821866666665,0.7876651,1.44,0.66,0.34,0.0,0.0,,,,,
369,1511424,1899,3263.1461063889583,2649.075147667925,1.66,832.1,-0.01765522406094533,2547.441905617714,1.5392628738190979,0.0002851779413333333,0.67302346,1.42,0.67,0.33,0.0,0.0,,,,,
370,1515520,1905,3258.3577464428445,2647.9402190127776,1.66,832.84,-0.021374066396674607,1314.441163174808,1.5693839499726892,0.000285137664,0.7166658,1.41,0.67,0.33,0.0,0.0,,,,,
371,1519616,1911,3193.4420540923743,2595.1469535816145,1.66,830.15,-0.03101349496500916,936.6426065713167,1.6054930691607296,0.0002850973866666666,0.5592109,1.42,0.67,0.33,0.0,0.0,,,,,
372,1523712,1915,3192.327030132014,2596.8908955517413,1.67,830.73,-0.02437902987048801,1773.5852396786213,1.5625987111125141,0.0002850571093333333,0.7161666,1.42,0.67,0.33,0.0,0.0,,,,,
373,1527808,1919,3274.4206731019976,2633.905338792104,1.68,841.42,-0.018542278156019165,1596.6021099761128,1.5840992308221757,0.00028501683199999995,0.6199284,1.42,0.67,0.33,0.0,0.0,,,,,
374,1531904,1923,3275.0741555077607,2648.1088054000343,1.7,841.87,-0.0261895460953383,1127.7349992245436,1.534508566139266,0.00028497655466666665,0.7611417,1.43,0.67,0.33,0.0,0.0,,,,,
375,1536000,1928,3239.710371486973,2622.2343485236656,1.67,841.79,-0.03153658078008448,920.2326236590743,1.5302552180364728,0.0002849362773333333,0.7705319,1.4,0.7,0.3,0.0,0.0,3442.817390588233,2762.418492535825,2.3,808.9,0.0
376,1540096,1933,3149.831654152602,2567.6510711682595,1.69,826.67,-0.0227842254062125,1481.4318343624473,1.5300725442357361,0.000284896,0.65264726,1.43,0.68,0.32,0.0,0.0,,,,,
377,1544192,1938,3234.6515024763253,2602.981224069785,1.69,841.82,-0.025079517021367792,1657.0278433263302,1.5173095441423357,0.0002848557226666666,0.70118797,1.42,0.69,0.31,0.0,0.0,,,,,
378,1548288,1943,3231.2809190467633,2597.153402491605,1.67,838.71,-0.02554968857748463,1049.4351982325315,1.530442540999502,0.0002848154453333333,0.78022265,1.4,0.71,0.29,0.0,0.0,,,,,
379,1552384,1947,3278.2982026853133,2611.925025628791,1.66,838.15,-0.01866913548155935,1714.5971037745476,1.45870430348441,0.000284775168,0.58957183,1.38,0.73,0.27,0.0,0.0,,,,,
380,1556480,1949,3318.3411561793996,2629.1501097445066,1.65,847.54,-0.02175961085868039,2124.681118518114,1.5006625154055655,0.00028473489066666664,0.5784998,1.36,0.74,0.26,0.0,0.0,,,,,
381,1560576,1953,3435.5395507130183,2703.236349599539,1.69,861.19,-0.016250379598204745,11545.192360907793,1.4803733883891255,0.0002846946133333333,0.51779926,1.39,0.73,0.27,0.0,0.0,,,,,
382,1564672,1958,3564.013138913105,2777.015747911766,1.69,874.46,-0.025640657122494304,2119.5878723561764,1.5396953425370157,0.000284654336,0.6836396,1.38,0.74,0.26,0.0,0.0,,,,,
383,1568768,1964,3410.5719722975696,2707.203805070609,1.69,861.45,-0.03013744450890954,1431.6036958247423,1.583890174049884,0.00028461405866666667,0.7414258,1.4,0.73,0.27,0.0,0.0,,,,,
384,1572864,1969,3450.7964679364686,2729.718046064896,1.67,872.43,-0.02595786783604126,2165.319140024483,1.5212823327165097,0.0002845737813333333,0.5968312,1.37,0.75,0.25,0.0,0.0,,,,,
385,1576960,1973,3445.007548017097,2741.3548284719795,1.69,871.48,-0.01992811140962658,910.878529459238,1.490928093669936,0.000284533504,0.88640773,1.37,0.75,0.25,0.0,0.0,,,,,
386,1581056,1978,3323.5333440592617,2696.7571119309346,1.69,859.57,-0.024347084405235364,1454.951217867434,1.5518518765456975,0.00028449322666666664,0.7232405,1.39,0.74,0.26,0.0,0.0,,,,,
387,1585152,1982,3517.6302845781984,2799.479932076974,1.72,878.99,-0.022215706437236804,1257.5937061682343,1.4642950920388103,0.00028445294933333333,0.86222523,1.39,0.74,0.26,0.0,0.0,,,,,
388,1589248,1986,3405.2211579360346,2746.063159162813,1.73,871.09,-0.024416845164523693,1173.6618454009295,1.553285421570763,0.00028441267199999997,0.869527,1.41,0.73,0.27,0.0,0.0,,,,,
389,1593344,1991,3550.239677038455,2826.598612349454,1.74,884.61,-0.025857384988739796,1744.5665402114391,1.532778843306005,0.00028437239466666666,0.73667365,1.4,0.74,0.26,0.0,0.0,,,,,
390,1597440,1995,3505.5636842399986,2821.109428593032,1.78,887.59,-0.018595702623315447,2872.1381425708532,1.4671459533274174,0.0002843321173333333,0.6490822,1.44,0.72,0.28,0.0,0.0,,,,,
391,1601536,1999,3568.1366931472485,2858.2939036392595,1.8,898.92,-0.030826432650428615,1305.4279176294804,1.5509795031975955,0.00028429184,0.6570338,1.45,0.71,0.29,0.0,0.0,,,,,
392,1605632,2004,3611.762141573866,2891.6089045323006,1.84,909.11,-0.022150824360323895,1609.8536021113396,1.5213728903327137,0.00028425156266666664,0.74957526,1.48,0.69,0.31,0.0,0.0,,,,,
393,1609728,2008,3696.119367229538,2934.374202152446,1.84,917.82,-0.02479512378158688,1238.390043526888,1.5759044017177075,0.00028421128533333333,0.6889386,1.47,0.7,0.3,0.0,0.0,,,,,
394,1613824,2013,3734.644301416831,2973.9704890764338,1.82,920.17,-0.021487701780642965,1408.0030809789896,1.5462433432694525,0.00028417100799999997,0.767949,1.44,0.72,0.28,0.0,0.0,,,,,
395,1617920,2017,3725.916616261899,2975.8470689207766,1.84,920.67,-0.025727236081365845,2300.900876134634,1.5919093859847635,0.00028413073066666666,0.5127512,1.46,0.71,0.29,0.0,0.0,,,,,
396,1622016,2022,3621.2948109928775,2915.950953012365,1.8,903.73,-0.02467118646382005,1222.1164146363735,1.5719385349657387,0.0002840904533333333,0.56035376,1.45,0.72,0.28,0.0,0.0,,,,,
397,1626112,2028,3694.468376778682,2944.184979262087,1.84,907.0,-0.020639180798752932,1528.3535240888596,1.5575651414692402,0.000284050176,0.66736984,1.48,0.7,0.3,0.0,0.0,,,,,
398,1630208,2033,3695.046289377413,2949.3810384805965,1.83,906.57,-0.027471070643514395,1005.2747123390436,1.5861123509239405,0.00028400989866666663,0.8101002,1.46,0.71,0.29,0.0,0.0,,,,,
399,1634304,2039,3575.9546846363723,2866.479341128677,1.81,886.62,-0.02692931733599835,1017.6778557524085,1.5479397466406226,0.0002839696213333333,0.73676926,1.47,0.71,0.29,0.0,0.0,,,,,
400,1638400,2042,3693.8030238392034,2932.796900730412,1.83,900.77,-0.02200658937363187,2606.3110861629248,1.4960514227859676,0.00028392934399999997,0.7109241,1.47,0.7,0.3,0.0,0.0,2996.8853291715845,2671.350319938525,2.3,821.75,0.0
401,1642496,2048,3585.939972655077,2874.939073285128,1.85,880.88,-0.02211352849190007,2799.2619750350714,1.5649646103847772,0.00028388906666666666,0.6370537,1.51,0.67,0.33,0.0,0.0,,,,,
402,1646592,2054,3341.601623245823,2720.4521083126538,1.79,853.97,-0.025713951271427504,1484.0057476907969,1.6222192177083343,0.0002838487893333333,0.5594137,1.49,0.67,0.33,0.0,0.0,,,,,
403,1650688,2057,3326.122192198751,2715.0386995231197,1.77,857.45,-0.025815208377025556,1151.234070174396,1.5513305014465004,0.000283808512,0.8264247,1.47,0.68,0.32,0.0,0.0,,,,,
404,1654784,2060,3509.1242447929626,2823.0726641019305,1.79,881.44,-0.023942577367051854,2343.3227902054787,1.5502925990149379,0.00028376823466666663,0.7230915,1.46,0.69,0.31,0.0,0.0,,,,,
405,1658880,2066,3554.0666613095436,2836.766642441973,1.72,885.75,-0.026632415463609505,1385.204679608345,1.6016131134238094,0.0002837279573333333,0.6476675,1.39,0.73,0.27,0.0,0.0,,,,,
406,1662976,2070,3647.250685650023,2885.1700027578113,1.74,894.86,-0.02522440199754783,1639.073584228754,1.604114018380642,0.00028368767999999996,0.78050536,1.4,0.72,0.28,0.0,0.0,,,,,
407,1667072,2074,3666.395494125958,2889.717162565114,1.75,898.49,-0.025852957116512698,935.9849636927247,1.522832564311102,0.00028364740266666666,0.8789412,1.42,0.7,0.3,0.0,0.0,,,,,
408,1671168,2077,3651.0720825927688,2876.088415826791,1.73,901.66,-0.025018738417202258,1110.4131674095988,1.58758803200908,0.0002836071253333333,0.79276127,1.4,0.71,0.29,0.0,0.0,,,,,
409,1675264,2083,3580.1158431526874,2844.6609377845148,1.72,891.86,-0.02698473714553984,2421.7379592508078,1.610475807217881,0.000283566848,0.79031336,1.4,0.7,0.3,0.0,0.0,,,,,
410,1679360,2086,3703.3874111785153,2909.8573125243365,1.71,905.37,-0.02415630194991536,832.4088090136647,1.4994259718805552,0.00028352657066666663,0.8844319,1.38,0.71,0.29,0.0,0.0,,,,,
411,1683456,2091,3656.5524968466348,2871.444489238854,1.73,899.61,-0.02808258664663299,1714.9306503385305,1.5459272910375148,0.0002834862933333333,0.84118587,1.4,0.7,0.3,0.0,0.0,,,,,
412,1687552,2095,3697.013518337037,2880.437182198178,1.7,904.14,-0.022592706567593268,1378.4153831526637,1.5818937080912292,0.00028344601599999996,0.8408708,1.37,0.71,0.29,0.0,0.0,,,,,
413,1691648,2100,3626.025356560471,2811.5495350233996,1.7,887.79,-0.03357059357858816,554.6376962512732,1.5982341272756457,0.00028340573866666665,0.82992303,1.38,0.71,0.29,0.0,0.0,,,,,
414,1695744,2105,3643.9799611550056,2806.6840322171383,1.68,890.07,-0.025423363817026257,1906.9593760222197,1.627989828819409,0.0002833654613333333,0.60978043,1.36,0.73,0.27,0.0,0.0,,,,,
415,1699840,2110,3551.7565400272233,2771.816892270758,1.69,884.83,-0.02421351521570614,2026.4396726712584,1.6212360952049494,0.000283325184,0.5077013,1.38,0.71,0.29,0.0,0.0,,,,,
416,1703936,2114,3535.1894072178293,2743.9387038307887,1.69,882.42,-0.03476055052487936,711.0737688168883,1.62535120267421,0.0002832849066666666,0.82444316,1.39,0.71,0.29,0.0,0.0,,,,,
417,1708032,2120,3436.18948716341,2702.683841613361,1.69,874.52,-0.029935684586234856,1763.132488206029,1.6599285900592804,0.0002832446293333333,0.61448807,1.4,0.7,0.3,0.0,0.0,,,,,
418,1712128,2124,3549.5776890368325,2771.158417059612,1.7,890.54,-0.020268147365641198,2763.544588893652,1.6190990167669952,0.00028320435199999996,0.7218357,1.39,0.7,0.3,0.0,0.0,,,,,
419,1716224,2128,3579.6253474801024,2794.0037789160483,1.69,896.02,-0.029925403817287588,1107.2094845101237,1.5996663805563003,0.00028316407466666665,0.8280091,1.37,0.72,0.28,0.0,0.0,,,,,
420,1720320,2134,3527.2844277067816,2767.4121745514076,1.7,895.84,-0.03205131261256611,967.1332311183214,1.651546218432486,0.0002831237973333333,0.74196327,1.39,0.7,0.3,0.0,0.0,,,,,
421,1724416,2139,3593.747085402168,2806.848589033753,1.71,901.38,-0.026812920304109866,1588.3681041151285,1.6507097540888935,0.00028308352,0.7956692,1.38,0.7,0.3,0.0,0.0,,,,,
422,1728512,2143,3536.9292942960255,2774.7126562668973,1.68,889.02,-0.027847667028254364,1210.425080895424,1.6423321182373911,0.0002830432426666666,0.765458,1.36,0.72,0.28,0.0,0.0,,,,,
423,1732608,2149,3583.941929751832,2789.5147586954427,1.66,894.51,-0.023125332044401148,1783.6975310146809,1.6689228541217744,0.0002830029653333333,0.5188732,1.34,0.74,0.26,0.0,0.0,,,,,
424,1736704,2152,3709.251368756527,2875.670309018797,1.67,915.99,-0.018591602766719006,3490.45254842937,1.6180370529182255,0.00028296268799999995,0.58361626,1.33,0.75,0.25,0.0,0.0,,,,,
425,1740800,2158,3555.8213538435944,2788.3926044249984,1.72,892.82,-0.026393313140943064,1926.8851492851973,1.7053877413272858,0.00028292241066666665,0.61195517,1.41,0.71,0.29,0.0,0.0,2082.5531638576326,2131.0283141990994,2.2,662.3,0.0
426,1744896,2163,3474.4841706311463,2745.8649459229223,1.72,885.13,-0.02870223470745259,1532.8969547525048,1.6462154816836119,0.0002828821333333333,0.7112199,1.43,0.7,0.3,0.0,0.0,,,,,
427,1748992,2166,3608.6478258718253,2821.7491253642784,1.74,905.22,-0.02837383176665753,1396.0383839309216,1.595306734321639,0.000282841856,0.81389,1.43,0.7,0.3,0.0,0.0,,,,,
428,1753088,2170,3535.414612558566,2790.70859025263,1.74,897.08,-0.022334273977321573,1964.550523236394,1.6408817216288298,0.0002828015786666666,0.76330996,1.44,0.69,0.31,0.0,0.0,,,,,
429,1757184,2176,3501.8419711441297,2773.0082146573577,1.74,884.0,-0.026845032145502046,1422.4176974147558,1.621776272309944,0.0002827613013333333,0.67082113,1.45,0.68,0.32,0.0,0.0,,,,,
430,1761280,2181,3391.816680829656,2714.2250635591163,1.71,869.38,-0.029037557207630016,943.2428329735994,1.667333209188655,0.00028272102399999995,0.7836801,1.44,0.69,0.31,0.0,0.0,,,,,
431,1765376,2186,3204.829189924174,2612.7946278054656,1.75,846.27,-0.02773861429614044,1955.332715138793,1.6508996824268252,0.00028268074666666664,0.7435606,1.5,0.66,0.34,0.0,0.0,,,,,
432,1769472,2192,3291.0573746044483,2649.804235617198,1.73,856.39,-0.02355477355649782,1136.9833997935057,1.6244743468705565,0.0002826404693333333,0.759245,1.48,0.67,0.33,0.0,0.0,,,,,
433,1773568,2196,3222.522595261525,2606.301610831053,1.73,843.88,-0.026879118354372622,1820.0186251178384,1.6535423214081675,0.000282600192,0.6249615,1.49,0.67,0.33,0.0,0.0,,,,,
434,1777664,2201,3206.42388941267,2624.478418761662,1.74,842.16,-0.024024575750445365,2053.4641401171684,1.6126805949024856,0.00028255991466666667,0.54488087,1.5,0.65,0.35,0.0,0.0,,,,,
435,1781760,2207,3196.797605125009,2636.598221013634,1.73,839.47,-0.02924454152889666,2723.238365724683,1.6586051024496555,0.0002825196373333333,0.5409435,1.49,0.65,0.35,0.0,0.0,,,,,
436,1785856,2210,3289.1763328230572,2687.7489279816714,1.74,846.92,-0.024733755061333795,1109.9845371842384,1.587242559529841,0.00028247935999999995,0.7895068,1.49,0.65,0.35,0.0,0.0,,,,,
437,1789952,2216,3360.698968260722,2739.2484878341743,1.73,851.31,-0.030043372136788093,1259.7364310100675,1.644327472196892,0.00028243908266666664,0.74652576,1.47,0.66,0.34,0.0,0.0,,,,,
438,1794048,2220,3492.3207138967477,2801.2013841633225,1.73,866.94,-0.026363179506006418,2112.2088492661715,1.6151512863580137,0.00028239880533333333,0.5439912,1.46,0.66,0.34,0.0,0.0,,,,,
439,1798144,2226,3223.5431533199967,2647.420355448718,1.71,834.26,-0.031020436893413716,1530.442061521113,1.6371858194470406,0.000282358528,0.7518357,1.48,0.65,0.35,0.0,0.0,,,,,
440,1802240,2231,3333.463201228852,2690.5931871488983,1.71,837.24,-0.023744205401271756,1122.7018781080842,1.5963849008549005,0.00028231825066666667,0.5956571,1.47,0.66,0.34,0.0,0.0,,,,,
441,1806336,2235,3476.7082974336417,2775.3846813059668,1.7,857.48,-0.022074924189837475,1610.0277356505394,1.6194279615301639,0.0002822779733333333,0.64402825,1.44,0.69,0.31,0.0,0.0,,,,,
442,1810432,2237,3682.314416994083,2893.7568999135706,1.7,878.87,-0.0218532499493449,3230.6540736854076,1.5670678566675633,0.000282237696,0.6039661,1.42,0.7,0.3,0.0,0.0,,,,,
443,1814528,2241,3733.24502381355,2917.68249344231,1.72,888.12,-0.0230489338064217,1300.0240597575903,1.5729103705380112,0.00028219741866666664,0.7582673,1.43,0.69,0.31,0.0,0.0,,,,,
444,1818624,2246,3651.0129387793113,2873.5908534885534,1.72,876.34,-0.029248440569972445,1095.527743063867,1.6006431228015572,0.00028215714133333333,0.7677143,1.44,0.68,0.32,0.0,0.0,,,,,
445,1822720,2251,3546.289978827708,2827.3985221845187,1.72,866.76,-0.016915277217776747,2249.99207007885,1.5922966643702239,0.00028211686399999997,0.6150002,1.44,0.68,0.32,0.0,0.0,,,,,
446,1826816,2256,3609.4788839350535,2840.5638467856784,1.66,874.05,-0.026632853945557144,1050.2712369039655,1.598426521755755,0.00028207658666666666,0.7783339,1.37,0.72,0.28,0.0,0.0,,,,,
447,1830912,2260,3698.133186236021,2903.741711740949,1.7,884.09,-0.021699077090488572,1933.5561803877354,1.6109146070666611,0.0002820363093333333,0.6912929,1.38,0.71,0.29,0.0,0.0,,,,,
448,1835008,2267,3534.8443111570255,2801.569770727529,1.68,852.34,-0.03250710245629307,1445.9130260124803,1.6003873709123582,0.000281996032,0.7242356,1.39,0.71,0.29,0.0,0.0,,,,,
449,1839104,2272,3461.285401003957,2765.3736117735602,1.68,845.68,-0.025920502012013458,1604.4861499667168,1.6239754101261497,0.00028195575466666663,0.7831201,1.39,0.71,0.29,0.0,0.0,,,,,
450,1843200,2277,3509.139540934667,2791.683310342399,1.7,851.03,-0.025699050735056517,1134.7288037836552,1.558939585229382,0.00028191547733333333,0.8273199,1.4,0.71,0.29,0.0,0.0,2636.170035712913,2564.024555828402,2.25,768.3,0.0
451,1847296,2282,3504.9206636704157,2795.5943127998808,1.73,849.87,-0.02737117307515291,2004.039599403739,1.5815054152626544,0.00028187519999999997,0.6898741,1.43,0.69,0.31,0.0,0.0,,,,,
452,1851392,2288,3537.8925555107285,2811.1059601045413,1.68,848.71,-0.014407216232029896,2144.7140849605203,1.6706624738872051,0.00028183492266666666,0.5448383,1.38,0.71,0.29,0.0,0.0,,,,,
453,1855488,2294,3518.05958162233,2800.2153918734502,1.67,847.46,-0.03571200758051418,1052.5759207457304,1.6332524169702083,0.0002817946453333333,0.7860431,1.37,0.72,0.28,0.0,0.0,,,,,
454,1859584,2299,3515.1546170003085,2790.9749807242983,1.65,842.05,-0.022503981441332144,2004.707640990615,1.621629934059456,0.000281754368,0.59050643,1.35,0.73,0.27,0.0,0.0,,,,,
455,1863680,2303,3512.362986219274,2792.9654921599367,1.63,850.17,-0.028523696430966083,1191.0921151414514,1.5710535389371216,0.00028171409066666663,0.7912147,1.33,0.75,0.25,0.0,0.0,,,,,
456,1867776,2307,3607.0321203926633,2822.5324433323167,1.62,854.25,-0.02710574686716427,1328.5207364410162,1.5764247798360884,0.0002816738133333333,0.6057896,1.31,0.77,0.23,0.0,0.0,,,,,
457,1871872,2311,3609.0548672676587,2802.5903694245853,1.63,849.7,-0.024722197551454883,880.1169602051377,1.5976190159562975,0.00028163353599999996,0.7658784,1.31,0.77,0.23,0.0,0.0,,,,,
458,1875968,2317,3589.3619518220903,2798.522984291884,1.64,850.44,-0.030044164628634462,1188.3481133580208,1.6418982034083456,0.00028159325866666666,0.55250233,1.32,0.75,0.25,0.0,0.0,,,,,
459,1880064,2322,3583.5747898012446,2791.8965079708014,1.61,847.84,-0.03596862406448054,1528.6691860035062,1.6243433286435902,0.0002815529813333333,0.6359582,1.29,0.78,0.22,0.0,0.0,,,,,
460,1884160,2327,3485.4726379834033,2749.7517505367455,1.61,840.85,-0.028080220909487252,1426.333602577448,1.6201238196808845,0.000281512704,0.5622493,1.31,0.76,0.24,0.0,0.0,,,,,
461,1888256,2333,3386.8301834277145,2716.7716389374054,1.67,835.68,-0.02292827576457057,1703.4946622774005,1.5771795546170324,0.00028147242666666663,0.6612138,1.38,0.72,0.28,0.0,0.0,,,,,
462,1892352,2338,3068.233857968785,2542.5667780788926,1.66,802.4,-0.024194070771045517,1077.8785920068622,1.5960548224393278,0.0002814321493333333,0.7872229,1.41,0.7,0.3,0.0,0.0,,,,,
463,1896448,2343,3068.575328906692,2547.29187774488,1.65,803.57,-0.026190294038315187,1376.4494031593204,1.6167768756859004,0.00028139187199999996,0.5933585,1.4,0.71,0.29,0.0,0.0,,,,,
464,1900544,2348,3038.7471069854473,2536.162059802725,1.66,793.99,-0.020422974633220292,3532.6071472987533,1.6075712470337749,0.00028135159466666665,0.6403035,1.41,0.7,0.3,0.0,0.0,,,,,
465,1904640,2353,3130.48579354768,2593.7067693321715,1.63,808.24,-0.02707732042108546,1526.6502998620272,1.6024629899766296,0.0002813113173333333,0.6860901,1.37,0.72,0.28,0.0,0.0,,,,,
466,1908736,2356,3204.917322318411,2633.22134418703,1.64,816.96,-0.019136486193019664,1287.1473448723555,1.618077381979674,0.00028127104,0.69890624,1.37,0.72,0.28,0.0,0.0,,,,,
467,1912832,2362,3087.9896720232205,2565.9367262930873,1.64,805.25,-0.028943198951310478,1390.6009496599436,1.6445807251147926,0.0002812307626666666,0.65874225,1.39,0.7,0.3,0.0,0.0,,,,,
468,1916928,2368,3078.1143682456877,2573.879084076407,1.65,808.48,-0.024608916671240877,3213.254226490855,1.7212929045781493,0.0002811904853333333,0.5292692,1.4,0.68,0.32,0.0,0.0,,,,,
469,1921024,2373,3156.8688435815775,2594.3188035333774,1.64,814.59,-0.024647978347275057,1518.365438848734,1.6339274167548865,0.00028115020799999996,0.7294221,1.39,0.69,0.31,0.0,0.0,,,,,
470,1925120,2378,3046.328010006995,2538.686900353063,1.64,804.05,-0.02797714491498482,2314.755007788539,1.6492269742302597,0.00028110993066666665,0.64546734,1.4,0.68,0.32,0.0,0.0,,,,,
471,1929216,2383,3084.5043105187333,2559.835149314433,1.64,808.63,-0.028420839760656236,1917.0842819660902,1.6598526786547154,0.0002810696533333333,0.71434003,1.39,0.69,0.31,0.0,0.0,,,,,
472,1933312,2390,3079.148845103733,2545.8621166791677,1.68,802.26,-0.03293323334401066,1258.474198460579,1.65435233945027,0.000281029376,0.6637552,1.43,0.66,0.34,0.0,0.0,,,,,
473,1937408,2395,3036.1566765120124,2538.2868807279665,1.68,801.55,-0.02409147294019931,1446.8093952983618,1.637421581428498,0.0002809890986666666,0.7516918,1.44,0.66,0.34,0.0,0.0,,,,,
474,1941504,2401,3035.134139610216,2547.038413456963,1.67,807.58,-0.032117407575242396,679.1048431843519,1.6480711703188717,0.0002809488213333333,0.80726695,1.44,0.66,0.34,0.0,0.0,,,,,
475,1945600,2406,2894.3135636231414,2463.989875110051,1.65,788.89,-0.02729535739945277,1109.703825123608,1.6361586947459728,0.00028090854399999996,0.71584356,1.44,0.66,0.34,0.0,0.0,2901.7724892952356,2559.345041223918,2.25,793.5,0.0
476,1949696,2412,2696.747344579965,2377.0594035904815,1.64,773.02,-0.03153909904358443,1016.0023677796125,1.6839878265745938,0.00028086826666666665,0.77764726,1.47,0.63,0.37,0.0,0.0,,,,,
477,1953792,2417,2667.242157937874,2364.1461892206744,1.64,769.61,-0.030896501122697373,924.4918451756239,1.6441981447860599,0.0002808279893333333,0.79440033,1.47,0.64,0.36,0.0,0.0,,,,,
478,1957888,2423,2678.3807806902764,2364.726149314272,1.63,770.7,-0.030868590296449838,812.5878924131393,1.6611046253237873,0.000280787712,0.8301766,1.46,0.64,0.36,0.0,0.0,,,,,
479,1961984,2430,2605.6677145731946,2312.1062497040325,1.62,754.17,-0.02867020442681678,1173.4686730280519,1.6709574270062149,0.0002807474346666666,0.71533465,1.46,0.64,0.36,0.0,0.0,,,,,
480,1966080,2435,2650.7425689805236,2345.6847491716558,1.57,763.8,-0.02231470654533041,1959.0222044959664,1.6132540961261839,0.0002807071573333333,0.6137438,1.4,0.67,0.33,0.0,0.0,,,,,
481,1970176,2439,2727.476192649794,2380.7887724544576,1.57,772.35,-0.029151383269891085,1130.427356749773,1.6623971303924918,0.00028066687999999995,0.7000536,1.39,0.68,0.32,0.0,0.0,,,,,
482,1974272,2444,2717.439631786124,2363.2622593149076,1.56,769.66,-0.029469131482073863,969.1058113798499,1.660764836706221,0.00028062660266666665,0.72035575,1.38,0.69,0.31,0.0,0.0,,,,,
483,1978368,2450,2643.0055564425065,2317.3990343312767,1.57,763.36,-0.030855005059493124,1086.3537121973932,1.6881757895462215,0.0002805863253333333,0.5464265,1.41,0.66,0.34,0.0,0.0,,,,,
484,1982464,2454,2577.810602760331,2275.658247063369,1.58,758.77,-0.030278724208983476,1289.5383716598153,1.6627612547017634,0.000280546048,0.47283745,1.43,0.65,0.35,0.0,0.0,,,,,
485,1986560,2461,2469.3888945954973,2201.69841724009,1.57,740.4,-0.03372505260085745,894.3076492249966,1.6958030655514449,0.00028050577066666667,0.6596222,1.44,0.65,0.35,0.0,0.0,,,,,
486,1990656,2466,2528.4832110796406,2211.9384619942093,1.55,752.92,-0.027950911246080068,1372.580011099577,1.6488704842049628,0.0002804654933333333,0.668695,1.42,0.66,0.34,0.0,0.0,,,,,
487,1994752,2471,2471.9322044707014,2194.0068669426673,1.54,750.59,-0.026150537053581502,1502.3775687366724,1.6496799304150045,0.00028042521599999995,0.63847363,1.41,0.68,0.32,0.0,0.0,,,,,
488,1998848,2476,2465.1449852838414,2199.5104405379434,1.53,755.46,-0.03296941263943154,1582.1042379587889,1.640458098379895,0.00028038493866666664,0.6015278,1.4,0.69,0.31,0.0,0.0,,,,,
489,2002944,2480,2438.5440395238893,2172.03353281586,1.48,754.8,-0.02892465772856667,1284.8448932021856,1.6007428048178554,0.00028034466133333334,0.5689721,1.36,0.72,0.28,0.0,0.0,,,,,
490,2007040,2486,2437.145785664192,2175.6351669220676,1.45,763.03,-0.02766182153391128,876.2832382246852,1.6917372085154057,0.000280304384,0.6895932,1.33,0.74,0.26,0.0,0.0,,,,,
491,2011136,2492,2374.658835649397,2136.913965598535,1.48,756.58,-0.029683888773433864,985.1717916578054,1.6278045687358826,0.00028026410666666667,0.79594207,1.37,0.72,0.28,0.0,0.0,,,,,
492,2015232,2496,2490.2477019702665,2197.7684499994007,1.48,770.2,-0.02925178521036287,734.5054979920387,1.5992966732010245,0.0002802238293333333,0.82273626,1.35,0.73,0.27,0.0,0.0,,,,,
493,2019328,2501,2561.75732291634,2221.735876499076,1.49,779.23,-0.02088927109798533,1325.513506039977,1.647549467626959,0.000280183552,0.6753955,1.35,0.73,0.27,0.0,0.0,,,,,
494,2023424,2506,2566.555625146479,2222.265642065986,1.49,784.45,-0.02865474732607254,930.7687334865332,1.678490478079766,0.00028014327466666664,0.58881485,1.35,0.73,0.27,0.0,0.0,,,,,
